Item_ID,Item_Store_Sales
FDW58,1334.2632
FDH56,1969.4364
FDW59,770.3306
FDH57,985.384
FDW60,1458.102
FDH58,3412.8908
FDW61,5350.3688
FDH59,2769.728
FDW62,4326.3684
FDH60,640.4996
FDW63,3415.554
FDH61,1150.5024
FDW64,7148.0288
FDH62,990.7104
FDW65,3866.9664
FDH63,2160.521
FDW66,186.424
FDH64,2290.352
FDW67,2433.499
FDH65,667.1316
FDW68,2929.52
FDH66,1231.73
FDW69,1384.1982
FDH67,331.5684
FDW70,2679.845
FDH68,1904.188
FDW71,6595.4148
FDH69,292.952
FDW72,2916.204
FDH70,4229.1616
FDW73,3775.086
FDH71,2328.3026
FDW74,2365.5874
FDH72,6474.2392
FDW75,3611.2992
FDH73,2916.204
FDW76,3159.8868
FDH74,1565.9616
FDW77,2642.5602
FDH75,1304.968
FDW78,323.5788
FDH76,4809.7392
FDW79,4274.436
FDH77,982.7208
FDW80,2586.633
FDH78,437.4306
FDW81,2187.153
FDH79,966.7416
FDW82,2267.049
FDH80,2665.8632
FDW83,578.5802
FDH81,5624.6784
FDW84,5020.132
FDH82,1342.2528
FDW85,687.1056
FDH83,689.7688
FDW86,1388.193
FDH84,1789.6704
FDW87,2833.6448
FDH85,2323.642
FDW88,446.7518
FDH86,1857.582
FDW89,337.5606
FDH87,3448.844
FDW90,1842.9344
FDH88,663.1368
FDW91,1218.414
FDH89,484.7024
FDW92,1158.492
FDH90,2808.3444
FDW93,882.185
FDH91,1518.024
FDW94,1780.3492
FDH92,1569.9564
FDW95,3022.732
FDH93,3199.8348
FDW96,4229.1616
FDH94,1917.504
FDW97,1761.7068
FDH95,295.6152
FDW98,759.012
FDH96,1358.232
FDW99,2544.6876
FDH97,6911.004
FDW100,3817.0314
FDH98,966.7416
FDW101,2069.3064
FDH99,3745.125
FDW102,1174.4712
FDH100,780.3176
FDW103,2450.144
FDH101,1436.7964
FDW104,3361.6242
FDH102,2277.036
FDW105,5764.4964
FDH103,4277.765
FDW106,1989.4104
FDH104,996.0368
FDW107,2871.5954
FDH105,461.3994
FDW108,2358.2636
FDH106,1318.284
FDW109,820.2656
FDH107,7549.5062
FDW110,4586.0304
FDH108,2519.3872
FDW111,1384.1982
FDH109,6692.6216
FDW112,3506.7686
FDH110,4048.064
FDW113,1418.154
FDH111,3896.2616
FDW114,3440.8544
FDH112,1159.8236
FDW115,480.7076
FDH113,483.3708
FDW116,6867.0612
FDH114,2982.784
FDW117,1211.756
FDH115,2746.425
FDW118,1540.6612
FDH116,425.4462
FDW119,732.38
FDH117,2816.334
FDW120,6474.2392
FDH118,1655.1788
FDW121,373.5138
FDH119,3006.087
FDW122,2556.672
FDH120,4997.4948
FDW123,3593.3226
FDH121,2960.1468
FDW124,418.1224
FDH122,2354.2688
FDW125,383.5008
FDH123,1837.608
FDW126,3881.614
FDH124,787.6414
FDW127,1854.9188
FDH125,5106.686
FDW128,2524.0478
FDH126,998.7
FDW129,1249.0408
FDH127,1049.9666
FDW130,973.3996
FDH128,1193.1136
FDW131,2370.248
FDH129,1989.4104
FDW132,1890.872
FDH130,123.8388
FDW133,2812.3392
FDH131,1065.28
FDW134,2816.334
FDH132,1577.946
FDW135,2496.75
FDH133,3247.7724
FDW136,878.856
FDH134,5851.0504
FDW137,1298.31
FDH135,1198.44
FDW138,3817.0314
FDH136,1245.046
FDW139,202.4032
FDH137,829.5868
FDW140,2149.2024
FDH138,785.644
FDW141,1853.5872
FDH139,790.9704
FDW142,3057.3536
FDH140,2863.6058
FDW143,3197.1716
FDH141,323.5788
FDW144,4921.5936
FDH142,1518.024
FDW145,657.8104
FDH143,596.5568
FDW146,6852.4136
FDH144,4247.804
FDW147,1911.5118
FDH145,2874.9244
FDW148,575.2512
FDH146,1691.132
FDW149,123.8388
FDH147,2277.036
FDW150,1006.6896
FDH148,2404.2038
FDW151,1468.089
FDH149,2376.906
FDW152,1458.102
FDH150,1120.5414
FDW153,3415.554
FDH151,3103.9596
FDW154,1108.557
FDH152,2006.7212
FDW155,5757.8384
FDH153,2871.5954
FDW156,1183.7924
FDH154,1737.738
FDW157,1749.7224
FDH155,259.662
FDW158,3593.3226
FDH156,2647.2208
FDW159,386.8298
FDH157,1964.11
FDW160,2626.581
FDH158,3795.06
FDW161,3185.853
FDH159,4837.7028
FDW162,669.129
FDH160,2055.3246
FDW163,1225.072
FDH161,1325.6078
FDW164,1583.9382
FDH162,1938.8096
FDW165,5243.8408
FDH163,1438.128
FDW166,383.5008
FDH164,1534.0032
FDW167,1018.674
FDH165,1864.24
FDW168,2572.6512
FDH166,1707.777
FDW169,1528.011
FDH167,2328.3026
FDW170,802.9548
FDH168,1704.448
FDW171,3914.904
FDH169,1821.6288
FDW172,2874.9244
FDH170,4097.3332
FDW173,2916.204
FDH171,1844.266
FDW174,201.0716
FDH172,1691.132
FDW175,2223.772
FDH173,922.7988
FDW176,2982.784
FDH174,2576.646
FDW177,3412.8908
FDH175,6543.4824
FDW178,6199.9296
FDH176,1856.2504
FDW179,3313.6866
FDH177,2759.0752
FDW180,1904.188
FDH178,559.272
FDW181,1537.998
FDH179,3375.606
FDW182,3162.55
FDH180,1225.072
FDW183,1258.362
FDH181,1198.44
FDW184,5022.7952
FDH182,2929.52
FDW185,2439.4912
FDH183,4516.7872
FDW186,1494.0552
FDH184,1065.28
FDW187,2350.9398
FDH185,230.3668
FDW188,3271.7412
FDH186,1587.933
FDW189,1691.7978
FDH187,527.3136
FDW190,419.454
FDH188,1618.5598
FDW191,2061.3168
FDH189,3044.7034
FDW192,892.8378
FDH190,7833.8028
FDW193,1721.093
FDH191,1482.7366
FDW194,2045.3376
FDH192,4314.384
FDW195,3845.6608
FDH193,3709.8376
FDW196,210.3928
FDH194,2599.2832
FDW197,685.1082
FDH195,2155.1946
FDW198,5536.7928
FDH196,857.5504
FDW199,4194.54
FDH197,3415.554
FDW200,5386.9878
FDH198,5359.69
FDW201,1186.4556
FDH199,3605.307
FDW202,3935.5438
FDH200,982.7208
FDW203,2011.3818
FDH201,575.2512
FDW204,705.748
FDH202,3942.8676
FDW205,6018.1662
FDH203,426.112
FDW206,5022.7952
FDH204,2556.672
FDW207,2599.2832
FDH205,2862.94
FDW208,1981.4208
FDH206,826.9236
FDW209,850.8924
FDH207,1259.6936
FDW210,2323.642
FDH208,2988.1104
FDW211,2106.5912
FDH209,965.41
FDW212,1037.3164
FDH210,2577.9776
FDW213,2988.1104
FDH211,1733.7432
FDW214,842.237
FDH212,1783.6782
FDW215,1030.6584
FDH213,3185.853
FDW216,1478.076
FDH214,1448.7808
FDW217,2552.6772
FDH215,2500.7448
FDW218,591.2304
FDH216,2580.6408
FDW219,2544.6876
FDH217,2120.573
FDW220,1120.5414
FDH218,4207.856
FDW221,602.549
FDH219,2149.2024
FDW222,3779.0808
FDH220,5033.448
FDW223,1102.5648
FDH221,3779.0808
FDW224,3848.324
FDH222,3435.528
FDW225,1468.089
FDH223,4807.7418
FDW226,1619.2256
FDH224,2818.3314
FDW227,2241.0828
FDH225,4579.3724
FDW228,1120.5414
FDH226,341.5554
FDW229,346.216
FDH227,1259.6936
FDW230,2931.5174
FDH228,1657.842
FDW231,1478.076
FDH229,6729.9064
FDW232,4264.449
FDH230,1277.0044
FDW233,908.1512
FDH231,3016.7398
FDW234,2285.0256
FDH232,3705.177
FDW235,7266.5412
FDH233,3749.7856
FDW236,857.5504
FDH234,3739.1328
FDW237,596.5568
FDH235,2316.984
FDW238,6114.7072
FDH236,850.8924
FDW239,2396.88
FDH237,1182.4608
FDW240,2471.4496
FDH238,5785.802
FDW241,3528.74
FDH239,689.7688
FDW242,2516.724
FDH240,1845.5976
FDW243,4997.4948
FDH241,1549.3166
FDW244,3571.3512
FDH242,1516.0266
FDW245,2858.2794
FDH243,3749.7856
FDW246,1571.288
FDH244,6056.1168
FDW247,4111.9808
FDH245,2356.932
FDW248,4623.3152
FDH246,578.5802
FDW249,1749.7224
FDH247,4940.236
FDW250,3185.1872
FDH248,1038.648
FDW251,2422.1804
FDH249,1571.288
FDW252,1618.5598
FDH250,539.298
FDW253,2087.283
FDH251,1670.4922
FDW254,1965.4416
FDH252,5932.278
FDW255,1860.2452
FDH253,4809.7392
FDW256,3175.866
FDH254,1656.5104
FDW257,3506.7686
FDH255,1398.18
FDW258,1208.427
FDH256,1197.7742
FDW259,1418.154
FDH257,3145.905
FDW260,479.376
FDH258,4165.2448
FDW261,923.4646
FDH259,2073.3012
FDW262,1185.7898
FDH260,295.6152
FDW263,2626.581
FDH261,2748.4224
FDW264,2407.5328
FDH262,3817.0314
FDW265,3251.1014
FDH263,1596.5884
FDW266,2251.7356
FDH264,2676.516
FDW267,958.752
FDH265,996.0368
FDW268,1182.4608
FDH266,1225.7378
FDW269,2165.1816
FDH267,3709.8376
FDW270,3910.9092
FDH268,1789.6704
FDW271,1617.894
FDH269,567.2616
FDW272,468.7232
FDH270,1018.674
FDW273,1198.44
FDH271,572.588
FDW274,3579.3408
FDH272,3928.22
FDW275,623.1888
FDH273,635.1732
FDW276,934.7832
FDH274,2769.728
FDW277,1278.336
FDH275,1601.249
FDW278,1277.0044
FDH276,6474.2392
FDW279,3528.74
FDH277,4832.3764
FDW280,1867.569
FDH278,2908.2144
FDW281,2432.8332
FDH279,1065.28
FDW282,778.986
FDH280,6474.2392
FDW283,1418.154
FDH281,4211.185
FDW284,1589.2646
FDH282,559.272
FDW285,1619.2256
FDH283,628.5152
FDW286,1388.8588
FDH284,685.1082
FDW287,4997.4948
FDH285,533.3058
FDW288,988.713
FDH286,2458.1336
FDW289,1045.306
FDH287,649.8208
FDW290,2011.3818
FDH288,484.7024
FDW291,1607.907
FDH289,2841.6344
FDW292,2460.7968
FDH290,3251.1014
FDW293,3779.0808
FDH291,1018.674
FDW294,2085.2856
FDH292,1869.5664
FDW295,3488.1262
FDH293,412.796
FDW296,958.752
FDH294,3137.2496
FDW297,2716.464
FDH295,575.2512
FDW298,663.1368
FDH296,4567.388
FDW299,908.817
FDH297,3091.9752
FDW300,4119.9704
FDH298,667.1316
FDW301,2808.3444
FDH299,7549.5062
FDW302,1969.4364
FDH300,497.3526
FDW303,3583.3356
FDH301,796.2968
FDW304,1657.1762
FDH302,1201.1032
FDW305,914.8092
FDH303,1547.3192
FDW306,2471.4496
FDH304,2105.2596
FDW307,1869.5664
FDH305,1514.695
FDW308,2093.941
FDH306,1496.0526
FDW309,3137.2496
FDH307,3505.437
FDW310,3022.0662
FDH308,1867.569
FDW311,1644.526
FDH309,210.3928
FDW312,1073.2696
FDH310,503.3448
FDW313,1073.2696
FDH311,1867.569
FDW314,2864.2716
FDH312,2796.36
FDW315,2013.3792
FDH313,1768.3648
FDW316,4516.7872
FDH314,7028.1848
FDW317,1069.2748
FDH315,1346.9134
FDW318,2988.1104
FDH316,1571.288
FDW319,856.8846
FDH317,610.5386
FDW320,2816.334
FDH318,3415.554
FDW321,2440.8228
FDH319,2454.1388
FDW322,587.2356
FDH320,461.3994
FDW323,1541.9928
FDH321,4364.319
FDW324,4171.9028
FDH322,302.939
FDW325,3219.8088
FDH323,4138.6128
FDW326,802.9548
FDH324,1768.3648
FDW327,3813.7024
FDH325,3645.255
FDW328,2892.2352
FDH326,1148.505
FDW329,3523.4136
FDH327,1640.5312
FDW330,1235.7248
FDH328,2265.0516
FDW331,2716.464
FDH329,3149.234
FDW332,4727.18
FDH330,2423.512
FDW333,1120.5414
FDH331,3506.7686
FDW334,3408.896
FDH332,282.2992
FDW335,3924.891
FDH333,1325.6078
FDW336,619.194
FDH334,5764.4964
FDW337,713.7376
FDH335,1569.9564
FDW338,1737.738
FDH336,2220.443
FDW339,2580.6408
FDH337,1669.8264
FDW340,3739.1328
FDH338,2090.612
FDW341,3924.891
FDH339,639.168
FDW342,1458.102
FDH340,1193.1136
FDW343,2045.3376
FDH341,1025.332
FDW344,2257.062
FDH342,3046.7008
FDW345,1098.57
FDH343,1162.4868
FDW346,2897.5616
FDH344,3339.6528
FDW347,494.0236
FDH345,2283.0282
FDW348,1090.5804
FDH346,5487.5236
FDW349,4434.228
FDH347,2993.4368
FDW350,2345.6134
FDH348,447.4176
FDW351,1929.4884
FDH349,1427.4752
FDW352,2956.152
FDH350,2580.6408
FDW353,959.4178
FDH351,205.0664
FDW354,343.5528
FDH352,850.8924
FDW355,78.5644
FDH353,78.5644
FDW356,1166.4816
FDH354,2316.984
FDW357,276.9728
FDH355,341.5554
FDW358,1174.4712
FDH356,3075.996
FDW359,3307.6944
FDH357,1073.2696
FDW360,286.294
FDH358,535.969
FDW361,4527.44
FDH359,3418.883
FDW362,4820.392
FDH360,1310.9602
FDW363,1231.73
FDH361,1295.6468
FDW364,755.0172
FDH362,2492.7552
FDW365,575.2512
FDH363,4540.756
FDW366,3516.7556
FDH364,2580.6408
FDW367,667.7974
FDH365,3427.5384
FDW368,3427.5384
FDH366,4138.6128
FDW369,1416.8224
FDH367,1416.8224
FDW370,459.402
FDH368,874.8612
FDW371,1324.2762
FDH369,1829.6184
FDW372,539.298
FDH370,3848.324
FDW373,1435.4648
FDH371,4274.436
FDW374,862.8768
FDH372,3398.2432
FDW375,4314.384
FDH373,1295.6468
FDW376,1278.336
FDH374,982.7208
FDW377,1596.5884
FDH375,2239.0854
FDW378,625.852
FDH376,1737.738
FDW379,1998.7316
FDH377,3415.554
FDW380,1867.569
FDH378,2821.6604
FDW381,3755.112
FDH379,2745.0934
FDW382,4229.1616
FDH380,2988.1104
FDW383,2524.0478
FDH381,527.3136
FDW384,2570.6538
FDH382,4653.942
FDW385,4869.6612
FDH383,1883.5482
FDW386,2862.94
FDH384,3427.5384
FDW387,2330.3
FDH385,1346.9134
FDW388,303.6048
FDH386,2336.958
FDW389,455.4072
FDH387,2024.032
FDW390,615.1992
FDH388,2535.3664
FDW391,2769.728
FDH389,5326.4
FDW392,2342.9502
FDH390,1188.453
FDW393,2607.2728
FDH391,3728.48
FDW394,4035.4138
FDH392,1272.3438
FDW395,1808.9786
FDH393,2586.633
FDW396,1388.193
FDH394,1697.79
FDW397,3878.285
FDH395,1221.0772
FDW398,1325.6078
FDH396,878.856
FDW399,873.5296
FDH397,1105.228
FDW400,898.83
FDH398,2570.6538
FDW401,458.0704
FDH399,6692.6216
FDW402,3782.4098
FDH400,1744.396
FDW403,4042.7376
FDH401,607.2096
FDW404,3251.1014
FDH402,3091.9752
FDW405,886.8456
FDH403,2203.798
FDW406,3435.528
FDH404,3924.891
FDW407,2277.036
FDH405,2069.3064
FDW408,1253.7014
FDH406,484.7024
FDW409,1150.5024
FDH407,1203.7664
FDW410,3629.2758
FDH408,6757.87
FDW411,1438.128
FDH409,309.597
FDW412,569.259
FDH410,5770.4886
FDW413,2409.5302
FDH411,1225.072
FDW414,4390.2852
FDH412,3904.917
FDW415,3817.0314
FDH413,938.778
FDW416,1713.7692
FDH414,3129.26
FDW417,131.8284
FDH415,1384.1982
FDW418,2780.3808
FDH416,591.8962
FDW419,1228.401
FDH417,1446.1176
FDW420,6474.2392
FDH418,4146.6024
FDW421,1743.0644
FDH419,2768.3964
FDW422,3828.35
FDH420,2471.4496
FDW423,587.2356
FDH421,647.1576
FDW424,2362.9242
FDH422,1263.6884
FDW425,1185.124
FDH423,1518.024
FDW426,4516.7872
FDH424,2496.75
FDW427,2708.4744
FDH425,3533.4006
FDW428,3340.9844
FDH426,1677.816
FDW429,2155.1946
FDH427,1105.8938
FDW430,5243.8408
FDH428,1245.046
FDW431,276.9728
FDH429,1197.7742
FDW432,3099.9648
FDH430,2057.9878
FDW433,3185.1872
FDH431,1757.712
FDW434,822.263
FDH432,181.0976
FDW435,1743.0644
FDH433,2576.646
FDW436,713.7376
FDH434,3942.8676
FDW437,5770.4886
FDH435,1989.4104
FDW438,1205.098
FDH436,591.2304
FDW439,2514.0608
FDH437,3358.2952
FDW440,1867.569
FDH438,5642.655
FDW441,3705.177
FDH439,4027.4242
FDW442,194.4136
FDH440,2013.3792
FDW443,2848.9582
FDH441,824.9262
FDW444,3367.6164
FDH442,4349.0056
FDW445,282.2992
FDH443,3299.7048
FDW446,1541.9928
FDH444,2073.3012
FDW447,649.155
FDH445,7017.532
FDW448,2265.0516
FDH446,2874.9244
FDW449,1744.396
FDH447,2490.092
FDW450,4809.7392
FDH448,423.4488
FDW451,809.6128
FDH449,494.0236
FDW452,1001.3632
FDH450,3235.788
FDW453,3467.4864
FDH451,201.0716
FDW454,2330.3
FDH452,3846.9924
FDW455,3095.97
FDH453,1571.288
FDW456,952.7598
FDH454,1869.5664
FDW457,666.4658
FDH455,356.8688
FDW458,2748.4224
FDH456,2586.633
FDW459,1239.7196
FDH457,2930.1858
FDW460,446.7518
FDH458,1411.496
FDW461,2926.191
FDH459,78.5644
FDW462,2812.3392
FDH460,4094.67
FDW463,3515.424
FDH461,1304.968
FDW464,511.3344
FDH462,596.5568
FDW465,3795.06
FDH463,2586.633
FDW466,1861.5768
FDH464,882.8508
FDW467,922.7988
FDH465,1102.5648
FDW468,4819.7262
FDH466,1500.7132
FDW469,1644.526
FDH467,856.8846
FDW470,3364.9532
FDH468,387.4956
FDW471,2293.681
FDH469,2030.69
FDW472,812.276
FDH470,3635.268
FDW473,3219.8088
FDH471,2841.6344
FDW474,605.878
FDH472,3185.853
FDW475,7266.5412
FDH473,2988.1104
FDW476,1905.5196
FDH474,1388.8588
FDW477,4012.7766
FDH475,2614.5966
FDW478,1272.3438
FDH476,2980.1208
FDW479,4274.436
FDH477,2345.6134
FDW480,2250.404
FDH478,1288.9888
FDW481,2463.46
FDH479,2246.4092
FDW482,2285.0256
FDH480,2220.443
FDW483,1544.656
FDH481,2929.52
FDW484,1360.2294
FDH482,3029.39
FDW485,2553.343
FDH483,1022.6688
FDW486,2078.6276
FDH484,1977.426
FDW487,1504.0422
FDH485,1201.1032
FDW488,4502.1396
FDH486,3795.06
FDW489,1038.648
FDH487,423.4488
FDW490,2621.9204
FDH488,459.402
FDW491,2376.906
FDH489,3271.7412
FDW492,1366.2216
FDH490,4997.4948
FDW493,2210.456
FDH491,968.739
FDW494,865.54
FDH492,1549.3166
FDW495,2759.0752
FDH493,1186.4556
FDW496,3193.8426
FDH494,3705.177
FDW497,5956.9126
FDH495,998.7
FDW498,6911.004
FDH496,694.4294
FDW499,1488.063
FDH497,2956.152
FDW500,6359.7216
FDH498,876.1928
FDW501,1249.0408
FDH499,2726.451
FDW502,4137.2812
FDH500,437.4306
FDW503,2111.2518
FDH501,812.276
FDW504,982.055
FDH502,2302.3364
FDW505,862.8768
FDH503,2524.0478
FDW506,820.2656
FDH504,1286.3256
FDW507,7266.5412
FDH505,694.4294
FDW508,1017.3424
FDH506,2759.0752
FDW509,938.778
FDH507,2257.062
FDW510,5022.7952
FDH508,2530.7058
FDW511,3504.7712
FDH509,1765.0358
FDW512,2290.352
FDH510,577.9144
FDW513,1571.288
FDH511,2603.278
FDW514,1832.2816
FDH512,1904.188
FDW515,5851.0504
FDH513,288.9572
FDW516,1137.1864
FDH514,1691.7978
FDW517,885.514
FDH515,2428.8384
FDW518,727.0536
FDH516,2972.1312
FDW519,614.5334
FDH517,647.8234
FDW520,3044.7034
FDH518,319.584
FDW521,4026.7584
FDH519,1099.9016
FDW522,5920.2936
FDH520,6199.9296
FDW523,1758.3778
FDH521,3916.2356
FDW524,1895.5326
FDH522,727.0536
FDW525,221.0456
FDH523,1829.6184
FDW526,2848.9582
FDH524,593.2278
FDW527,309.597
FDH525,1990.742
FDW528,5896.3248
FDH526,2354.2688
FDW529,3418.883
FDH527,3435.528
FDW530,2376.906
FDH528,1601.249
FDW531,1231.73
FDH529,1038.648
FDW532,2250.404
FDH530,416.125
FDW533,3629.2758
FDH531,1470.0864
FDW534,2190.482
FDH532,2588.6304
FDW535,1713.7692
FDH533,2423.512
FDW536,1110.5544
FDH534,1120.5414
FDW537,1644.526
FDH535,982.7208
FDW538,3165.879
FDH536,857.5504
FDW539,2612.5992
FDH537,2553.343
FDW540,1110.5544
FDH538,173.7738
FDW541,4604.6728
FDH539,1384.1982
FDW542,736.3748
FDH540,1682.4766
FDW543,3779.0808
FDH541,2492.7552
FDW544,939.4438
FDH542,601.8832
FDW545,592.562
FDH543,3835.008
FDW546,201.0716
FDH544,4836.3712
FDW547,5159.2842
FDH545,4584.6988
FDW548,3353.6346
FDH546,2720.4588
FDW549,809.6128
FDH547,4836.3712
FDW550,1025.332
FDH548,2137.8838
FDW551,5400.9696
FDH549,6692.6216
FDW552,2546.685
FDH550,864.2084
FDW553,4586.0304
FDH551,1141.847
FDW554,1571.288
FDH552,3894.93
FDW555,3904.917
FDH553,1557.972
FDW556,1186.4556
FDH554,1102.5648
FDW557,834.9132
FDH555,1864.24
FDW558,2871.5954
FDH556,938.778
FDW559,1165.15
FDH557,2796.36
FDW560,813.6076
FDH558,2546.685
FDW561,1076.5986
FDH559,4274.436
FDW562,759.012
FDH560,5182.5872
FDW563,2992.771
FDH561,1922.8304
FDW564,3139.9128
FDH562,1116.5466
FDW565,4607.336
FDH563,2759.0752
FDW566,5099.3622
FDH564,2616.594
FDW567,3813.7024
FDH565,3523.4136
FDW568,3418.883
FDH566,2504.7396
FDW569,2862.94
FDH567,2302.3364
FDW570,1065.28
FDH568,1989.4104
FDW571,421.4514
FDH569,1416.8224
FDW572,985.384
FDH570,1350.2424
FDW573,2223.772
FDH571,1438.128
FDW574,4349.0056
FDH572,553.9456
FDW575,1897.53
FDH573,2432.8332
FDW576,1853.5872
FDH574,365.5242
FDW577,539.298
FDH575,1208.427
FDW578,992.7078
FDH576,5007.4818
FDW579,1090.5804
FDH577,1842.9344
FDW580,731.0484
FDH578,1549.3166
FDW581,2889.572
FDH579,1384.1982
FDW582,669.129
FDH580,1334.2632
FDW583,1957.452
FDH581,878.856
FDW584,5487.5236
FDH582,796.2968
FDW585,2748.4224
FDH583,276.9728
FDW586,3782.4098
FDH584,1829.6184
FDW587,1584.604
FDH585,952.7598
FDW588,1186.4556
FDH586,1657.842
FDW589,1043.9744
FDH587,2069.3064
FDW590,2693.8268
FDH588,1235.059
FDW591,1451.444
FDH589,4410.2592
FDW592,2181.1608
FDH590,2874.9244
FDW593,721.0614
FDH591,1966.7732
FDW594,3688.532
FDH592,293.6178
FDW595,1393.5194
FDH593,1893.5352
FDW596,4795.0916
FDH594,2105.2596
FDW597,758.3462
FDH595,2085.2856
FDW598,1037.3164
FDH596,3094.6384
FDW599,1884.8798
FDH597,2026.0294
FDW600,2787.0388
FDH598,1378.206
FDW601,1874.8928
FDH599,1179.1318
FDW602,3067.3406
FDH600,1177.1344
FDW603,1354.2372
FDH601,2544.6876
FDW604,952.094
FDH602,1518.024
FDW605,3629.9416
FDH603,1505.3738
FDW606,2886.243
FDH604,553.9456
FDW607,822.263
FDH605,2250.404
FDW608,2676.516
FDH606,2576.646
FDW609,1969.4364
FDH607,485.3682
FDW610,353.5398
FDH608,801.6232
FDW611,1045.306
FDH609,1418.154
FDW612,1768.3648
FDH610,2048.6666
FDW613,1592.5936
FDH611,7182.6504
FDW614,1697.79
FDH612,2099.9332
FDW615,5645.984
FDH613,796.9626
FDW616,982.055
FDH614,1593.9252
FDW617,5956.9126
FDH615,210.3928
FDW618,2277.036
FDH616,1603.2464
FDW619,3563.3616
FDH617,2863.6058
FDW620,3560.6984
FDH618,4516.7872
FDW621,996.0368
FDH619,3440.8544
FDW622,2514.0608
FDH620,295.6152
FDW623,2527.3768
FDH621,1635.8706
FDW624,1018.674
FDH622,497.3526
FDW625,2693.8268
FDH623,1185.124
FDW626,615.1992
FDH624,2748.4224
FDW627,1861.5768
FDH625,790.9704
FDW628,3744.4592
FDH626,210.3928
FDW629,392.822
FDH627,1537.998
FDW630,6199.9296
FDH628,473.3838
FDW631,998.7
FDH629,1177.1344
FDW632,3004.0896
FDH630,4847.024
FDW633,5834.4054
FDH631,2073.3012
FDW634,1653.8472
FDH632,2586.633
FDW635,822.263
FDH633,494.0236
FDW636,735.709
FDH634,2656.542
FDW637,3022.732
FDH635,663.1368
FDW638,1528.011
FDH636,3235.788
FDW639,1655.1788
FDH637,2988.1104
FDW640,1768.3648
FDH638,312.2602
FDW641,5410.9566
FDH639,3629.9416
FDW642,5163.9448
FDH640,1384.1982
FDW643,4680.574
FDH641,497.3526
FDW644,934.7832
FDH642,583.2408
FDW645,2848.9582
FDH643,1917.504
FDW646,865.54
FDH644,2011.3818
FDW647,2841.6344
FDH645,2908.2144
FDW648,468.7232
FDH646,715.0692
FDW649,2073.3012
FDH647,3068.0064
FDW650,2916.204
FDH648,404.8064
FDW651,484.7024
FDH649,4567.388
FDW652,3215.814
FDH650,882.8508
FDW653,2740.4328
FDH651,677.1186
FDW654,5005.4844
FDH652,639.168
FDW655,644.4944
FDH653,3099.9648
FDW656,2372.9112
FDH654,383.5008
FDW657,2642.5602
FDH655,966.7416
FDW658,2795.6942
FDH656,5727.2116
FDW659,2475.4444
FDH657,2769.728
FDW660,2676.516
FDH658,2241.7486
FDW661,2266.3832
FDH659,968.739
FDW662,479.376
FDH660,2328.3026
FDW663,2492.7552
FDH661,3916.2356
FDW664,1715.1008
FDH662,3739.1328
FDW665,3555.372
FDH663,804.2864
FDW666,466.06
FDH664,1937.478
FDW667,685.1082
FDH665,2444.8176
FDW668,703.0848
FDH666,3610.6334
FDW669,1635.8706
FDH667,3896.2616
FDW670,6729.9064
FDH668,1510.0344
FDW671,447.4176
FDH669,1201.769
FDW672,2375.5744
FDH670,4349.0056
FDW673,1139.8496
FDH671,2841.6344
FDW674,4266.4464
FDH672,812.276
FDW675,1230.3984
FDH673,1182.4608
FDW676,708.4112
FDH674,193.082
FDW677,2328.3026
FDH675,1265.02
FDW678,1725.7536
FDH676,1603.9122
FDW679,7105.4176
FDH677,2376.906
FDW680,5126.66
FDH678,1186.4556
FDW681,1592.5936
FDH679,3036.048
FDW682,6611.394
FDH680,2982.784
FDW683,78.5644
FDH681,3338.987
FDW684,1644.526
FDH682,647.1576
FDW685,966.7416
FDH683,801.6232
FDW686,1099.9016
FDH684,1427.4752
FDW687,6687.961
FDH685,3817.0314
FDW688,966.7416
FDH686,952.094
FDW689,5410.9566
FDH687,878.856
FDW690,2356.932
FDH688,663.1368
FDW691,2988.1104
FDH689,387.4956
FDW692,5350.3688
FDH690,421.4514
FDW693,687.1056
FDH691,4695.2216
FDW694,1697.79
FDH692,882.8508
FDW695,3410.2276
FDH693,3375.606
FDW696,2665.8632
FDH694,4795.0916
FDW697,1438.128
FDH695,559.272
FDW698,628.5152
FDH696,123.8388
FDW699,243.6828
FDH697,647.1576
FDW700,4380.2982
FDH698,4274.436
FDW701,2396.88
FDH699,3410.2276
FDW702,4910.275
FDH700,865.54
FDW703,1771.028
FDH701,2293.681
FDW704,2998.0974
FDH702,2720.4588
FDW705,2011.3818
FDH703,2314.9866
FDW706,1197.7742
FDH704,2375.5744
FDW707,3315.684
FDH705,1898.8616
FDW708,1151.1682
FDH706,2816.334
FDW709,5126.66
FDH707,1366.2216
FDW710,4364.319
FDH708,4466.1864
FDW711,5355.0294
FDH709,1713.7692
FDW712,3691.1952
FDH710,480.7076
FDW713,1592.5936
FDH711,1118.544
FDW714,750.3566
FDH712,4965.5364
FDW715,1629.8784
FDH713,3745.125
FDW716,1034.6532
FDH714,2396.88
FDW717,4277.765
FDH715,3735.138
FDW718,695.0952
FDH716,585.904
FDW719,7763.228
FDH717,3593.3226
FDW720,1198.44
FDH718,4649.9472
FDW721,2011.3818
FDH719,1171.808
FDW722,3475.476
FDH720,2328.3026
FDW723,265.6542
FDH721,930.1226
FDW724,1017.3424
FDH722,259.662
FDW725,6543.4824
FDH723,3091.9752
FDW726,316.9208
FDH724,583.2408
FDW727,649.155
FDH725,3739.1328
FDW728,878.856
FDH726,639.168
FDW729,2467.4548
FDH727,4035.4138
FDW730,1069.2748
FDH728,1549.9824
FDW731,685.1082
FDH729,1800.3232
FDW732,3119.9388
FDH730,2182.4924
FDW733,1278.336
FDH731,996.0368
FDW734,2684.5056
FDH732,942.7728
FDW735,1090.5804
FDH733,2450.144
FDW736,1749.7224
FDH734,882.8508
FDW737,942.7728
FDH735,2067.309
FDW738,1105.228
FDH736,1496.0526
FDW739,2954.1546
FDH737,1725.7536
FDW740,3415.554
FDH738,2556.672
FDW741,2769.728
FDH739,2394.8826
FDW742,5257.1568
FDH740,247.0118
FDW743,210.3928
FDH741,1677.816
FDW744,3858.9768
FDH742,2526.711
FDW745,2619.2572
FDH743,2856.282
FDW746,467.3916
FDH744,1605.9096
FDW747,1780.3492
FDH745,1867.569
FDW748,3235.788
FDH746,1506.0396
FDW749,387.4956
FDH747,2220.443
FDW750,1488.063
FDH748,2874.9244
FDW751,1350.2424
FDH749,932.12
FDW752,2698.4874
FDH750,4731.1748
FDW753,2069.3064
FDH751,1747.725
FDW754,6687.961
FDH752,615.1992
FDW755,6611.394
FDH753,2656.542
FDW756,777.6544
FDH754,3398.2432
FDW757,2237.088
FDH755,2059.9852
FDW758,4277.765
FDH756,1006.6896
FDW759,1768.3648
FDH757,1857.582
FDW760,1695.1268
FDH758,4407.596
FDW761,3942.8676
FDH759,1274.3412
FDW762,2432.8332
FDH760,1258.362
FDW763,1640.5312
FDH761,1561.9668
FDW764,1846.9292
FDH762,5195.2374
FDW765,1171.808
FDH763,247.0118
FDW766,2719.793
FDH764,2874.9244
FDW767,467.3916
FDH765,2759.0752
FDW768,1867.569
FDH766,3225.1352
FDW769,5715.2272
FDH767,5061.4116
FDW770,2740.4328
FDH768,2404.2038
FDW771,2106.5912
FDH769,3185.853
FDW772,4997.4948
FDH770,1378.206
FDW773,2073.3012
FDH771,6353.0636
FDW774,3135.918
FDH772,1990.742
FDW775,829.5868
FDH773,3235.788
FDW776,2073.3012
FDH774,1358.232
FDW777,930.1226
FDH775,4207.856
FDW778,2290.352
FDH776,2759.0752
FDW779,2633.9048
FDH777,2642.5602
FDW780,1288.9888
FDH778,1061.951
FDW781,3970.8312
FDH779,3881.614
FDW782,2705.1454
FDH780,1099.9016
FDW783,410.1328
FDH781,2652.5472
FDW784,1346.9134
FDH782,1743.0644
FDW785,3691.1952
FDH783,2626.581
FDW786,3568.688
FDH784,1488.7288
FDW787,511.3344
FDH785,1603.2464
FDW788,718.3982
FDH786,4138.6128
FDW789,1856.2504
FDH787,1860.2452
FDW790,535.969
FDH788,607.2096
FDW791,3215.814
FDH789,3095.97
FDW792,2041.3428
FDH790,1141.847
FDW793,1277.0044
FDH791,404.8064
FDW794,5443.5808
FDH792,1488.7288
FDW795,1780.3492
FDH793,1442.7886
FDW796,1826.9552
FDH794,918.804
FDW797,2182.4924
FDH795,2466.789
FDW798,534.6374
FDH796,1611.236
FDW799,3749.7856
FDH797,3448.844
FDW800,4434.228
FDH798,123.8388
FDW801,1022.6688
FDH799,673.7896
FDW802,2432.8332
FDH800,1038.648
FDW803,3307.6944
FDH801,1030.6584
FDW804,2085.9514
FDH802,340.8896
FDW805,5106.686
FDH803,3529.4058
FDW806,4756.4752
FDH804,4965.5364
FDW807,2328.3026
FDH805,1514.695
FDW808,567.2616
FDH806,1240.3854
FDW809,387.4956
FDH807,1837.608
FDW810,778.986
FDH808,1066.6116
FDW811,1350.2424
FDH809,3795.06
FDW812,4466.1864
FDH810,2693.8268
FDW813,2856.282
FDH811,4447.544
FDW814,1731.7458
FDH812,3615.294
FDW815,3935.5438
FDH813,3972.8286
FDW816,3367.6164
FDH814,308.9312
FDW817,3238.4512
FDH815,4819.7262
FDW818,3795.06
FDH816,4146.6024
FDW819,3593.3226
FDH817,1464.76
FDW820,3896.2616
FDH818,6595.4148
FDW821,3575.346
FDH819,360.8636
FDW822,497.3526
FDH820,1197.7742
FDW823,540.6296
FDH821,2696.49
FDW824,2345.6134
FDH822,3251.1014
FDW825,2013.3792
FDH823,796.2968
FDW826,1773.6912
FDH824,6543.4824
FDW827,1707.777
FDH825,687.1056
FDW828,3099.9648
FDH826,4134.618
FDW829,3276.4018
FDH827,829.5868
FDW830,1733.7432
FDH828,2876.256
FDW831,3835.008
FDH829,2394.8826
FDW832,292.952
FDH830,3735.138
FDW833,589.233
FDH831,5193.24
FDW834,739.038
FDH832,1832.2816
FDW835,872.8638
FDH833,3249.104
FDW836,1938.8096
FDH834,2293.681
FDW837,994.7052
FDH835,2749.754
FDW838,2908.2144
FDH836,4094.67
FDW839,1235.059
FDH837,1534.0032
FDW840,3315.684
FDH838,1030.6584
FDW841,3554.7062
FDH839,1284.994
FDW842,2696.49
FDH840,5313.084
FDW843,556.6088
FDH841,1957.452
FDW844,1038.648
FDH842,2345.6134
FDW845,846.8976
FDH843,3078.6592
FDW846,1038.648
FDH844,1808.9786
FDW847,2290.352
FDH845,404.8064
FDW848,5956.9126
FDH846,2416.854
FDW849,812.276
FDH847,3593.3226
FDW850,1006.6896
FDH848,4740.496
FDW851,545.956
FDH849,640.4996
FDW852,1601.249
FDH850,4687.232
FDW853,1012.6818
FDH851,6474.2392
FDW854,4860.34
FDH852,1138.518
FDW855,480.7076
FDH853,4097.3332
FDW856,1829.6184
FDH854,343.5528
FDW857,892.172
FDH855,282.965
FDW858,3016.7398
FDH856,419.454
FDW859,1274.3412
FDH857,2885.5772
FDW860,1969.4364
FDH858,4845.0266
FDW861,6595.4148
FDH859,908.817
FDW862,1985.4156
FDH860,736.3748
FDW863,1528.011
FDH861,761.6752
FDW864,5106.686
FDH862,3593.3226
FDW865,1829.6184
FDH863,3635.268
FDW866,1382.2008
FDH864,4527.44
FDW867,1607.2412
FDH865,2375.5744
FDW868,1640.5312
FDH866,123.8388
FDW869,2739.1012
FDH867,1388.193
FDW870,3046.7008
FDH868,1867.569
FDW871,1765.0358
FDH869,1049.9666
FDW872,3745.125
FDH870,3146.5708
FDW873,1494.0552
FDH871,3199.8348
FDW874,962.7468
FDH872,1208.427
FDW875,1448.115
FDH873,1593.9252
FDW876,2972.797
FDH874,2182.4924
FDW877,892.172
FDH875,607.2096
FDW878,354.2056
FDH876,1198.44
FDW879,601.8832
FDH877,826.9236
FDW880,511.3344
FDH878,2619.2572
FDW881,1657.842
FDH879,1225.072
FDW882,591.8962
FDH880,1611.236
FDW883,1151.1682
FDH881,2155.1946
FDW884,3455.502
FDH882,2656.542
FDW885,2586.633
FDH883,1938.8096
FDW886,1038.648
FDH884,2490.092
FDW887,2996.1
FDH885,3914.904
FDW888,721.0614
FDH886,942.7728
FDW889,383.5008
FDH887,4042.7376
FDW890,519.324
FDH888,639.168
FDW891,3174.5344
FDH889,2665.8632
FDW892,2503.408
FDH890,2492.7552
FDW893,2218.4456
FDH891,1188.453
FDW894,591.8962
FDH892,2087.283
FDW895,5159.2842
FDH893,1286.3256
FDW896,6088.0752
FDH894,1883.5482
FDW897,6930.978
FDH895,700.4216
FDW898,404.8064
FDH896,2863.6058
FDW899,926.7936
FDH897,2328.3026
FDW900,2808.3444
FDH898,5233.188
FDW901,2993.4368
FDH899,810.9444
FDW902,2561.9984
FDH900,123.8388
FDW903,1437.4622
FDH901,3745.125
FDW904,296.281
FDH902,4466.1864
FDW905,2093.941
FDH903,2633.9048
FDW906,5764.4964
FDH904,2290.352
FDW907,6615.3888
FDH905,1850.924
FDW908,647.1576
FDH906,2516.724
FDW909,1609.9044
FDH907,914.8092
FDW910,2821.6604
FDH908,2120.573
FDW911,1780.3492
FDH909,2025.3636
FDW912,3844.995
FDH910,1264.3542
FDW913,1864.24
FDH911,703.0848
FDW914,663.1368
FDH912,1870.898
FDW915,3935.5438
FDH913,873.5296
FDW916,3358.2952
FDH914,1288.9888
FDW917,1697.79
FDH915,966.7416
FDW918,780.3176
FDH916,5626.01
FDW919,2812.3392
FDH917,2106.5912
FDW920,1325.6078
FDH918,1867.569
FDW921,6474.2392
FDH919,2365.5874
FDW922,2250.404
FDH920,2423.512
FDW923,1235.059
FDH921,2239.0854
FDW924,1969.4364
FDH922,637.1706
FDW925,4673.916
FDH923,1547.985
FDW926,812.276
FDH924,387.4956
FDW927,892.172
FDH925,2362.9242
FDW928,355.5372
FDH926,5326.4
FDW929,6024.1584
FDH927,2580.6408
FDW930,2061.3168
FDH928,2795.6942
FDW931,1570.6222
FDH929,2101.2648
FDW932,4418.2488
FDH930,2265.0516
FDW933,2073.3012
FDH931,1228.401
FDW934,3131.9232
FDH932,1438.128
FDW935,3036.048
FDH933,343.5528
FDW936,1491.392
FDH934,3383.5956
FDW937,4781.7756
FDH935,4277.765
FDW938,1725.7536
FDH936,1725.7536
FDW939,2542.0244
FDH937,2250.404
FDW940,2992.771
FDH938,7843.124
FDW941,3139.9128
FDH939,282.2992
FDW942,1601.249
FDH940,2816.334
FDW943,3101.2964
FDH941,1018.674
FDW944,1780.3492
FDH942,4466.1864
FDW945,3124.5994
FDH943,4540.756
FDW946,868.869
FDH944,3325.0052
FDW947,1235.7248
FDH945,615.1992
FDW948,885.514
FDH946,3338.3212
FDW949,4250.4672
FDH947,3745.125
FDW950,3408.896
FDH948,5768.4912
FDW951,1810.976
FDH949,7549.5062
FDW952,848.895
FDH950,5350.3688
FDW953,383.5008
FDH951,1314.2892
FDW954,973.3996
FDH952,113.8518
FDW955,1691.132
FDH953,1567.959
FDW956,4863.0032
FDH954,2025.3636
FDW957,2876.256
FDH955,1350.2424
FDW958,1018.674
FDH956,1557.972
FDW959,1491.392
FDH957,4482.1656
FDW960,2874.9244
FDH958,563.9326
FDW961,1416.8224
FDH959,1743.0644
FDW962,2626.581
FDH960,1867.569
FDW963,1516.6924
FDH961,2403.538
FDW964,2482.7682
FDH962,5106.686
FDW965,378.1744
FDH963,2852.2872
FDW966,1065.28
FDH964,1510.0344
FDW967,1304.968
FDH965,5005.4844
FDW968,1857.582
FDH966,762.341
FDW969,3125.931
FDH967,1867.569
FDW970,5243.8408
FDH968,3016.7398
FDW971,2025.3636
FDH969,4042.7376
FDW972,930.1226
FDH970,801.6232
FDW973,615.1992
FDH971,1091.2462
FDW974,2277.036
FDH972,3731.809
FDW975,1448.115
FDH973,1416.8224
FDW976,1704.448
FDH974,1298.31
FDW977,1098.57
FDH975,787.6414
FDW978,341.5554
FDH976,2040.0112
FDW979,461.3994
FDH977,2922.1962
FDW980,3397.5774
FDH978,4138.6128
FDW981,1177.1344
FDH979,1577.946
FDW982,4207.856
FDH980,4820.392
FDW983,1428.141
FDH981,3169.208
FDW984,1826.2894
FDH982,3109.9518
FDW985,3942.8676
FDH983,2530.7058
FDW986,2712.4692
FDH984,1366.2216
FDW987,1278.336
FDH985,2816.334
FDW988,647.8234
FDH986,3516.7556
FDW989,996.0368
FDH987,3219.8088
FDW990,343.5528
FDH988,539.298
FDW991,2579.3092
FDH989,1557.972
FDW992,1182.4608
FDH990,1422.1488
FDW993,3165.879
FDH991,378.1744
FDW994,798.96
FDH992,792.302
FDW995,3398.2432
FDH993,2863.6058
FDW996,809.6128
FDH994,569.259
FDW997,1644.526
FDH995,3663.2316
FDW998,2530.04
FDH996,2348.9424
FDW999,467.3916
FDH997,631.1784
FDW1000,3592.6568
FDH998,4097.3332
FDW1001,569.259
FDH999,1228.401
FDW1002,1817.634
FDH1000,1573.9512
FDW1003,3455.502
FDH1001,2619.2572
FDW1004,1569.9564
FDH1002,4394.28
FDW1005,4111.9808
FDH1003,2466.789
FDW1006,511.3344
FDH1004,1006.6896
FDW1007,2656.542
FDH1005,1537.998
FDW1008,1120.5414
FDH1006,1960.1152
FDW1009,3159.8868
FDH1007,3162.55
FDW1010,2006.7212
FDH1008,934.7832
FDW1011,1310.2944
FDH1009,982.7208
FDW1012,419.454
FDH1010,1649.8524
FDW1013,1644.526
FDH1011,2769.728
FDW1014,998.7
FDH1012,1138.518
FDW1015,4287.752
FDH1013,923.4646
FDW1016,914.8092
FDH1014,2087.283
FDW1017,1560.6352
FDH1015,3247.7724
FDW1018,930.1226
FDH1016,2732.4432
FDW1019,6669.3186
FDH1017,2388.8904
FDW1020,4008.116
FDH1018,850.8924
FDW1021,2328.3026
FDH1019,622.523
FDW1022,3352.303
FDH1020,999.3658
FDW1023,2542.0244
FDH1021,1258.362
FDW1024,3735.138
FDH1022,6199.9296
FDW1025,2267.049
FDH1023,1757.712
FDW1026,850.8924
FDH1024,3125.931
FDW1027,1603.9122
FDH1025,5536.7928
FDW1028,1644.526
FDH1026,850.8924
FDW1029,2380.9008
FDH1027,970.7364
FDW1030,1813.6392
FDH1028,5937.6044
FDW1031,651.1524
FDH1029,2797.6916
FDW1032,2787.0388
FDH1030,1647.855
FDW1033,3745.125
FDH1031,1973.4312
FDW1034,1471.418
FDH1032,812.276
FDW1035,354.2056
FDH1033,2371.5796
FDW1036,447.4176
FDH1034,1917.504
FDW1037,3175.866
FDH1035,535.969
FDW1038,1611.9018
FDH1036,2665.8632
FDW1039,1571.288
FDH1037,279.636
FDW1040,2290.352
FDH1038,2896.23
FDW1041,3159.8868
FDH1039,4026.7584
FDW1042,545.2902
FDH1040,1142.5128
FDW1043,540.6296
FDH1041,3528.74
FDW1044,2155.1946
FDH1042,4380.2982
FDW1045,559.272
FDH1043,1043.9744
FDW1046,6338.416
FDH1044,2345.6134
FDW1047,2896.23
FDH1045,539.298
FDW1048,6093.4016
FDH1046,829.5868
FDW1049,3861.64
FDH1047,755.0172
FDW1050,818.934
FDH1048,404.8064
FDW1051,639.168
FDH1049,2769.728
FDW1052,1138.518
FDH1050,7266.5412
FDW1053,154.4656
FDH1051,578.5802
FDW1054,3427.5384
FDH1052,279.636
FDW1055,1104.5622
FDH1053,1265.02
FDW1056,4247.804
FDH1054,1537.998
FDW1057,7534.1928
FDH1055,1704.448
FDW1058,3844.995
FDH1056,5564.7564
FDW1059,1923.4962
FDH1057,2626.581
FDW1060,2817.6656
FDH1058,4673.916
FDW1061,1662.5026
FDH1059,6692.6216
FDW1062,882.185
FDH1060,1006.6896
FDW1063,1411.496
FDH1061,2621.9204
FDW1064,1018.674
FDH1062,3174.5344
FDW1065,1018.674
FDH1063,1162.4868
FDW1066,669.129
FDH1064,4566.0564
FDW1067,1120.5414
FDH1065,1274.3412
FDW1068,2079.9592
FDH1066,2530.7058
FDW1069,5350.3688
FDH1067,3415.554
FDW1070,575.2512
FDH1068,2695.1584
FDW1071,741.0354
FDH1069,1808.9786
FDW1072,647.1576
FDH1070,4171.9028
FDW1073,6024.1584
FDH1071,1619.2256
FDW1074,2759.0752
FDH1072,2010.716
FDW1075,2908.2144
FDH1073,3728.48
FDW1076,540.6296
FDH1074,5007.4818
FDW1077,154.4656
FDH1075,5073.396
FDW1078,3251.1014
FDH1076,639.168
FDW1079,534.6374
FDH1077,615.1992
FDW1080,4997.4948
FDH1078,639.168
FDW1081,1859.5794
FDH1079,666.4658
FDW1082,3435.528
FDH1080,1845.5976
FDW1083,1278.336
FDH1081,774.9912
FDW1084,2914.8724
FDH1082,6275.165
FDW1085,4837.7028
FDH1083,3162.55
FDW1086,619.194
FDH1084,2980.1208
FDW1087,1717.764
FDH1085,5536.7928
FDW1088,1025.332
FDH1086,331.5684
FDW1089,4795.0916
FDH1087,4111.9808
FDW1090,3928.8858
FDH1088,1188.453
FDW1091,2796.36
FDH1089,2345.6134
FDW1092,2120.573
FDH1090,639.168
FDW1093,575.2512
FDH1091,552.614
FDW1094,3547.3824
FDH1092,4514.124
FDW1095,2665.8632
FDH1093,5942.265
FDW1096,2013.3792
FDH1094,1733.0774
FDW1097,1137.1864
FDH1095,540.6296
FDW1098,3475.476
FDH1096,2087.9488
FDW1099,4804.4128
FDH1097,210.3928
FDW1100,7130.718
FDH1098,2386.2272
FDW1101,1177.1344
FDH1099,878.856
FDW1102,1006.6896
FDH1100,2059.9852
FDW1103,1120.5414
FDH1101,5956.9126
FDW1104,5020.132
FDH1102,5645.984
FDW1105,2388.2246
FDH1103,2237.088
FDW1106,2277.036
FDH1104,4171.9028
FDW1107,1966.7732
FDH1105,4211.185
FDW1108,3225.801
FDH1106,1890.872
FDW1109,3067.3406
FDH1107,812.276
FDW1110,210.3928
FDH1108,916.1408
FDW1111,583.2408
FDH1109,1043.9744
FDW1112,5509.495
FDH1110,959.4178
FDW1113,1159.8236
FDH1111,1697.79
FDW1114,3916.2356
FDH1112,2579.975
FDW1115,4082.6856
FDH1113,1797.66
FDW1116,1393.5194
FDH1114,1230.3984
FDW1117,2093.941
FDH1115,3878.285
FDW1118,1038.648
FDH1116,729.051
FDW1119,719.064
FDH1117,2748.4224
FDW1120,952.7598
FDH1118,592.562
FDW1121,1239.7196
FDH1119,2423.512
FDW1122,556.6088
FDH1120,2087.9488
FDW1123,529.311
FDH1121,2259.0594
FDW1124,1265.02
FDH1122,1274.3412
FDW1125,583.2408
FDH1123,4098.6648
FDW1126,6114.7072
FDH1124,3089.312
FDW1127,1322.2788
FDH1125,5487.5236
FDW1128,303.6048
FDH1126,1747.725
FDW1129,1571.288
FDH1127,2566.659
FDW1130,3034.0506
FDH1128,1193.1136
FDW1131,7833.8028
FDH1129,6338.416
FDW1132,2530.7058
FDH1130,5660.6316
FDW1133,1925.4936
FDH1131,1749.7224
FDW1134,1350.2424
FDH1132,2530.7058
FDW1135,1257.0304
FDH1133,1038.648
FDW1136,466.06
FDH1134,4637.9628
FDW1137,549.285
FDH1135,1605.9096
FDW1138,631.1784
FDH1136,3095.97
FDW1139,1012.6818
FDH1137,2285.0256
FDW1140,687.1056
FDH1138,4097.3332
FDW1141,1478.076
FDH1139,5812.434
FDW1142,4274.436
FDH1140,862.8768
FDW1143,968.739
FDH1141,193.082
FDW1144,722.393
FDH1142,3235.788
FDW1145,351.5424
FDH1143,1104.5622
FDW1146,1629.8784
FDH1144,3364.9532
FDW1147,1635.8706
FDH1145,1695.7926
FDW1148,994.7052
FDH1146,4623.3152
FDW1149,1813.6392
FDH1147,3435.528
FDW1150,5834.4054
FDH1148,3914.904
FDW1151,1724.422
FDH1149,3645.255
FDW1152,2290.352
FDH1150,1999.3974
FDW1153,1438.128
FDH1151,1686.4714
FDW1154,4729.8432
FDH1152,1018.674
FDW1155,1133.8574
FDH1153,716.4008
FDW1156,2812.3392
FDH1154,2149.2024
FDW1157,3247.7724
FDH1155,2490.092
FDW1158,2087.9488
FDH1156,4584.6988
FDW1159,1869.5664
FDH1157,762.341
FDW1160,3099.9648
FDH1158,4434.228
FDW1161,4837.7028
FDH1159,3175.866
FDW1162,623.1888
FDH1160,3629.9416
FDW1163,3745.125
FDH1161,4098.6648
FDW1164,3765.099
FDH1162,3942.8676
FDW1165,4729.8432
FDH1163,5359.69
FDW1166,1099.9016
FDH1164,843.5686
FDW1167,1494.0552
FDH1165,2247.7408
FDW1168,1958.1178
FDH1166,585.904
FDW1169,1995.4026
FDH1167,1414.1592
FDW1170,1406.1696
FDH1168,1635.8706
FDW1171,1418.154
FDH1169,852.224
FDW1172,3554.7062
FDH1170,3916.2356
FDW1173,873.5296
FDH1171,2616.594
FDW1174,4869.6612
FDH1172,2693.8268
FDW1175,4761.8016
FDH1173,1413.4934
FDW1176,703.0848
FDH1174,780.9834
FDW1177,3554.7062
FDH1175,1325.6078
FDW1178,3415.554
FDH1176,6723.2484
FDW1179,673.7896
FDH1177,2384.8956
FDW1180,3139.9128
FDH1178,1324.2762
FDW1181,2633.9048
FDH1179,1263.0226
FDW1182,1929.4884
FDH1180,1090.5804
FDW1183,1314.2892
FDH1181,2679.845
FDW1184,483.3708
FDH1182,3661.9
FDW1185,1494.0552
FDH1183,3440.8544
FDW1186,1366.2216
FDH1184,2103.928
FDW1187,898.83
FDH1185,898.83
FDW1188,527.3136
FDH1186,848.895
FDW1189,3271.7412
FDH1187,4837.7028
FDW1190,2237.088
FDH1188,1905.5196
FDW1191,1923.4962
FDH1189,4492.8184
FDW1192,2261.0568
FDH1190,3894.93
FDW1193,3705.177
FDH1191,4060.7142
FDW1194,1072.6038
FDH1192,6608.065
FDW1195,1757.712
FDH1193,1411.496
FDW1196,1231.73
FDH1194,7931.6754
FDW1197,1090.5804
FDH1195,999.3658
FDW1198,2237.088
FDH1196,1985.4156
FDW1199,1325.6078
FDH1197,4311.055
FDW1200,663.1368
FDH1198,559.272
FDW1201,2085.9514
FDH1199,1358.232
FDW1202,1704.448
FDH1200,458.7362
FDW1203,1267.6832
FDH1201,1159.8236
FDW1204,741.0354
FDH1202,2195.8084
FDW1205,1198.44
FDH1203,1704.448
FDW1206,2386.2272
FDH1204,1682.4766
FDW1207,3078.6592
FDH1205,7017.532
FDW1208,3803.0496
FDH1206,485.3682
FDW1209,3745.125
FDH1207,729.051
FDW1210,689.7688
FDH1208,2828.3184
FDW1211,2833.6448
FDH1209,3739.1328
FDW1212,1570.6222
FDH1210,850.8924
FDW1213,4074.696
FDH1211,3904.917
FDW1214,337.5606
FDH1212,2642.5602
FDW1215,2912.875
FDH1213,1925.4936
FDW1216,3415.554
FDH1214,864.2084
FDW1217,4016.1056
FDH1215,7182.6504
FDW1218,825.592
FDH1216,3219.8088
FDW1219,2727.7826
FDH1217,932.12
FDW1220,1581.9408
FDH1218,380.8376
FDW1221,1209.7586
FDH1219,1109.2228
FDW1222,6231.888
FDH1220,1418.154
FDW1223,2759.0752
FDH1221,4950.8888
FDW1224,1454.773
FDH1222,3605.307
FDW1225,2433.499
FDH1223,3415.554
FDW1226,822.263
FDH1224,2467.4548
FDW1227,1091.2462
FDH1225,5492.85
FDW1228,591.2304
FDH1226,1259.6936
FDW1229,1159.8236
FDH1227,1166.4816
FDW1230,4436.8912
FDH1228,1225.072
FDW1231,978.726
FDH1229,3315.684
FDW1232,958.752
FDH1230,988.713
FDW1233,534.6374
FDH1231,942.7728
FDW1234,4514.124
FDH1232,1596.5884
FDW1235,3410.2276
FDH1233,4578.0408
FDW1236,969.4048
FDH1234,3358.2952
FDW1237,992.7078
FDH1235,4287.752
FDW1238,828.921
FDH1236,651.8182
FDW1239,2069.3064
FDH1237,3174.5344
FDW1240,433.4358
FDH1238,6930.978
FDW1241,595.2252
FDH1239,4502.1396
FDW1242,1733.7432
FDH1240,713.7376
FDW1243,3605.307
FDH1241,1314.2892
FDW1244,6930.978
FDH1242,1231.73
FDW1245,2444.8176
FDH1243,3056.022
FDW1246,2696.49
FDH1244,2406.867
FDW1247,950.7624
FDH1245,210.3928
FDW1248,622.523
FDH1246,892.8378
FDW1249,1975.4286
FDH1247,2328.3026
FDW1250,4042.7376
FDH1248,1571.288
FDW1251,3878.285
FDH1249,689.7688
FDW1252,744.3644
FDH1250,1006.6896
FDW1253,3078.6592
FDH1251,774.9912
FDW1254,3511.4292
FDH1252,1627.881
FDW1255,2947.4966
FDH1253,739.038
FDW1256,1587.2672
FDH1254,607.2096
FDW1257,553.9456
FDH1255,2343.616
FDW1258,1561.9668
FDH1256,2548.6824
FDW1259,1468.089
FDH1257,1186.4556
FDW1260,721.0614
FDH1258,4082.6856
FDW1261,1054.6272
FDH1259,1188.453
FDW1262,1110.5544
FDH1260,1031.99
FDW1263,6040.1376
FDH1261,5757.8384
FDW1264,1869.5664
FDH1262,2684.5056
FDW1265,419.454
FDH1263,2524.0478
FDW1266,1091.2462
FDH1264,2524.0478
FDW1267,2988.1104
FDH1265,1198.44
FDW1268,1577.946
FDH1266,1163.8184
FDW1269,1518.024
FDH1267,2137.8838
FDW1270,2929.52
FDH1268,4274.436
FDW1271,2371.5796
FDH1269,1659.8394
FDW1272,3214.4824
FDH1270,1948.1308
FDW1273,1193.1136
FDH1271,1314.2892
FDW1274,2454.1388
FDH1272,4206.5244
FDW1275,2093.941
FDH1273,6911.004
FDW1276,6359.7216
FDH1274,1874.8928
FDW1277,990.7104
FDH1275,5752.512
FDW1278,2956.152
FDH1276,4339.0186
FDW1279,4301.068
FDH1277,494.0236
FDW1280,1304.968
FDH1278,3571.3512
FDW1281,1438.128
FDH1279,1964.7758
FDW1282,1758.3778
FDH1280,2423.512
FDW1283,1704.448
FDH1281,4210.5192
FDW1284,1724.422
FDH1282,2133.2232
FDW1285,1366.2216
FDH1283,9779.9362
FDW1286,1544.656
FDH1284,1177.1344
FDW1287,1853.5872
FDH1285,2960.1468
FDW1288,3251.1014
FDH1286,2171.8396
FDW1289,865.54
FDH1287,1411.496
FDW1290,1687.1372
FDH1288,2440.8228
FDW1291,952.094
FDH1289,780.9834
FDW1292,1496.0526
FDH1290,1239.7196
FDW1293,2456.802
FDH1291,3520.0846
FDW1294,4327.7
FDH1292,4042.7376
FDW1295,3455.502
FDH1293,1904.188
FDW1296,4407.596
FDH1294,4647.284
FDW1297,4026.7584
FDH1295,687.1056
FDW1298,4843.695
FDH1296,3440.8544
FDW1299,1695.1268
FDH1297,4474.176
FDW1300,2862.94
FDH1298,5797.7864
FDW1301,2490.092
FDH1299,111.8544
FDW1302,3942.8676
FDH1300,1427.4752
FDW1303,1514.695
FDH1301,1418.154
FDW1304,1768.3648
FDH1302,1657.842
FDW1305,1691.7978
FDH1303,2530.04
FDW1306,1182.4608
FDH1304,4277.765
FDW1307,2620.5888
FDH1305,1749.7224
FDW1308,1618.5598
FDH1306,221.0456
FDW1309,3866.9664
FDH1307,353.5398
FDW1310,2444.8176
FDH1308,1592.5936
FDW1311,5752.512
FDH1309,295.6152
FDW1312,3038.0454
FDH1310,1667.829
FDW1313,2428.8384
FDH1311,1593.9252
FDW1314,3243.7776
FDH1312,2155.1946
FDW1315,1451.444
FDH1313,1398.18
FDW1316,3131.9232
FDH1314,4950.8888
FDW1317,2693.8268
FDH1315,2684.5056
FDW1318,711.0744
FDH1316,2266.3832
FDW1319,6930.978
FDH1317,1492.7236
FDW1320,623.1888
FDH1318,1808.9786
FDW1321,543.2928
FDH1319,1253.7014
FDW1322,1618.5598
FDH1320,1294.3152
FDW1323,1516.6924
FDH1321,3735.138
FDW1324,4020.7662
FDH1322,826.9236
FDW1325,2037.348
FDH1323,1534.0032
FDW1326,724.3904
FDH1324,801.6232
FDW1327,4414.254
FDH1325,2656.542
FDW1328,2616.594
FDH1326,2343.616
FDW1329,1102.5648
FDH1327,3159.8868
FDW1330,617.8624
FDH1328,4250.4672
FDW1331,1006.6896
FDH1329,713.7376
FDW1332,6692.6216
FDH1330,4820.392
FDW1333,1001.3632
FDH1331,2683.174
FDW1334,3629.2758
FDH1332,2874.9244
FDW1335,255.6672
FDH1333,2808.3444
FDW1336,2040.0112
FDH1334,7182.6504
FDW1337,4607.336
FDH1335,2402.2064
FDW1338,6893.0274
FDH1336,1867.569
FDW1339,1288.323
FDH1337,2163.85
FDW1340,1516.0266
FDH1338,2929.52
FDW1341,1537.998
FDH1339,2874.9244
FDW1342,829.5868
FDH1340,5851.0504
FDW1343,5005.4844
FDH1341,1350.2424
FDW1344,2516.724
FDH1342,4488.1578
FDW1345,2633.9048
FDH1343,990.7104
FDW1346,2828.3184
FDH1344,494.0236
FDW1347,2220.443
FDH1345,1264.3542
FDW1348,4247.804
FDH1346,276.9728
FDW1349,1890.872
FDH1347,446.7518
FDW1350,2693.8268
FDH1348,1303.6364
FDW1351,1278.336
FDH1349,3731.809
FDW1352,3358.2952
FDH1350,6757.87
FDW1353,721.0614
FDH1351,1480.0734
FDW1354,2011.3818
FDH1352,755.0172
FDW1355,3523.4136
FDH1353,3046.7008
FDW1356,5660.6316
FDH1354,2471.4496
FDW1357,958.752
FDH1355,3237.1196
FDW1358,4495.4816
FDH1356,6006.1818
FDW1359,868.869
FDH1357,1557.972
FDW1360,2580.6408
FDH1358,1274.3412
FDW1361,1757.712
FDH1359,1853.5872
FDW1362,3745.125
FDH1360,1877.556
FDW1363,1691.132
FDH1361,1358.232
FDW1364,3271.7412
FDH1362,438.0964
FDW1365,624.5204
FDH1363,2252.4014
FDW1366,1635.8706
FDH1364,4527.44
FDW1367,659.142
FDH1365,4152.5946
FDW1368,2492.7552
FDH1366,6687.961
FDW1369,1869.5664
FDH1367,487.3656
FDW1370,3523.4136
FDH1368,1442.7886
FDW1371,2769.728
FDH1369,1611.236
FDW1372,1845.5976
FDH1370,2603.278
FDW1373,4119.9704
FDH1371,1350.2424
FDW1374,2612.5992
FDH1372,5518.1504
FDW1375,1193.1136
FDH1373,6338.416
FDW1376,703.0848
FDH1374,1298.31
FDW1377,239.688
FDH1375,3129.26
FDW1378,5660.6316
FDH1376,667.1316
FDW1379,864.2084
FDH1377,1607.2412
FDW1380,4996.829
FDH1378,1624.552
FDW1381,3589.9936
FDH1379,1518.024
FDW1382,1612.5676
FDH1380,1414.825
FDW1383,6439.6176
FDH1381,2553.343
FDW1384,1701.7848
FDH1382,1416.8224
FDW1385,2852.2872
FDH1383,2345.6134
FDW1386,619.194
FDH1384,387.4956
FDW1387,5163.9448
FDH1385,6930.978
FDW1388,322.913
FDH1386,5299.768
FDW1389,7370.406
FDH1387,3219.8088
FDW1390,6208.585
FDH1388,1707.777
FDW1391,2969.468
FDH1389,2376.906
FDW1392,1619.2256
FDH1390,1895.5326
FDW1393,547.2876
FDH1391,7105.4176
FDW1394,105.8622
FDH1392,2155.1946
FDW1395,1062.6168
FDH1393,892.172
FDW1396,1808.9786
FDH1394,5022.7952
FDW1397,1274.3412
FDH1395,3219.8088
FDW1398,2841.6344
FDH1396,1686.4714
FDW1399,1105.8938
FDH1397,2375.5744
FDW1400,1607.2412
FDH1398,633.8416
FDW1401,567.2616
FDH1399,3398.2432
FDW1402,1253.7014
FDH1400,1657.842
FDW1403,3815.034
FDH1401,1605.9096
FDW1404,1768.3648
FDH1402,2384.8956
FDW1405,1641.8628
FDH1403,591.2304
FDW1406,4267.1122
FDH1404,1255.6988
FDW1407,1288.323
FDH1405,1488.7288
FDW1408,2576.646
FDH1406,2833.6448
FDW1409,718.3982
FDH1407,2106.5912
FDW1410,1842.9344
FDH1408,181.0976
FDW1411,2197.14
FDH1409,4595.3516
FDW1412,1025.332
FDH1410,1783.6782
FDW1413,2460.7968
FDH1411,2876.256
FDW1414,1091.2462
FDH1412,666.4658
FDW1415,1861.5768
FDH1413,1258.362
FDW1416,4739.8302
FDH1414,2011.3818
FDW1417,666.4658
FDH1415,1960.781
FDW1418,1230.3984
FDH1416,1038.648
FDW1419,3091.9752
FDH1417,2360.9268
FDW1420,210.3928
FDH1418,205.0664
FDW1421,2045.3376
FDH1419,990.7104
FDW1422,778.986
FDH1420,7534.1928
FDW1423,3924.891
FDH1421,4074.696
FDW1424,494.0236
FDH1422,3219.8088
FDW1425,3139.9128
FDH1423,433.4358
FDW1426,4740.496
FDH1424,3848.324
FDW1427,3271.7412
FDH1425,3038.7112
FDW1428,3418.883
FDH1426,1890.872
FDW1429,1965.4416
FDH1427,3048.6982
FDW1430,2892.901
FDH1428,1970.768
FDW1431,985.384
FDH1429,878.856
FDW1432,1747.725
FDH1430,1138.518
FDW1433,3099.9648
FDH1431,2237.088
FDW1434,3904.917
FDH1432,1488.063
FDW1435,2552.6772
FDH1433,4211.185
FDW1436,7322.4684
FDH1434,644.4944
FDW1437,3199.8348
FDH1435,1384.1982
FDW1438,1038.648
FDH1436,5179.924
FDW1439,1437.4622
FDH1437,4048.064
FDW1440,994.7052
FDH1438,1510.0344
FDW1441,820.2656
FDH1439,3691.1952
FDW1442,647.1576
FDH1440,3248.4382
FDW1443,1072.6038
FDH1441,5259.82
FDW1444,705.748
FDH1442,1034.6532
FDW1445,1783.6782
FDH1443,2616.594
FDW1446,341.5554
FDH1444,607.2096
FDW1447,2576.646
FDH1445,2648.5524
FDW1448,2684.5056
FDH1446,773.6596
FDW1449,2656.542
FDH1447,2828.3184
FDW1450,3185.1872
FDH1448,1105.228
FDW1451,5033.448
FDH1449,2961.4784
FDW1452,5890.9984
FDH1450,3014.7424
FDW1453,316.9208
FDH1451,878.856
FDW1454,2281.6966
FDH1452,1139.8496
FDW1455,4781.7756
FDH1453,4795.0916
FDW1456,2328.3026
FDH1454,1956.1204
FDW1457,4165.2448
FDH1455,3129.26
FDW1458,2354.2688
FDH1456,2326.971
FDW1459,4111.9808
FDH1457,3663.2316
FDW1460,942.7728
FDH1458,2848.2924
FDW1461,2982.784
FDH1459,2011.3818
FDW1462,3878.285
FDH1460,4466.1864
FDW1463,1378.206
FDH1461,1791.6678
FDW1464,2976.7918
FDH1462,1018.0082
FDW1465,2912.875
FDH1463,1278.336
FDW1466,992.7078
FDH1464,6636.6944
FDW1467,1069.2748
FDH1465,808.947
FDW1468,687.1056
FDH1466,5890.9984
FDW1469,2093.941
FDH1467,1193.1136
FDW1470,2576.646
FDH1468,2619.2572
FDW1471,852.224
FDH1469,5660.6316
FDW1472,3448.844
FDH1470,2160.521
FDW1473,1549.3166
FDH1471,3251.1014
FDW1474,539.298
FDH1472,1038.648
FDW1475,1657.1762
FDH1473,2440.8228
FDW1476,6353.0636
FDH1474,261.6594
FDW1477,1018.674
FDH1475,1414.1592
FDW1478,437.4306
FDH1476,1737.738
FDW1479,3375.606
FDH1477,679.116
FDW1480,1188.453
FDH1478,6338.416
FDW1481,2554.0088
FDH1479,2077.296
FDW1482,2889.572
FDH1480,2586.633
FDW1483,2514.0608
FDH1481,2817.6656
FDW1484,7130.718
FDH1482,1605.9096
FDW1485,2596.62
FDH1483,4996.829
FDW1486,1925.4936
FDH1484,5954.9152
FDW1487,2929.52
FDH1485,3435.528
FDW1488,1950.794
FDH1486,623.1888
FDW1489,579.246
FDH1487,647.1576
FDW1490,3271.7412
FDH1488,1022.6688
FDW1491,2220.443
FDH1489,972.068
FDW1492,5350.3688
FDH1490,930.1226
FDW1493,177.7686
FDH1491,2396.88
FDW1494,1749.7224
FDH1492,2759.0752
FDW1495,2988.1104
FDH1493,1725.7536
FDW1496,1860.2452
FDH1494,930.1226
FDW1497,711.0744
FDH1495,1842.9344
FDW1498,2482.7682
FDH1496,1560.6352
FDW1499,3033.3848
FDH1497,984.7182
FDW1500,1411.496
FDH1498,1065.28
FDW1501,2354.2688
FDH1499,2026.0294
FDW1502,930.1226
FDH1500,3835.008
FDW1503,569.259
FDH1501,4277.765
FDW1504,1030.6584
FDH1502,2311.6576
FDW1505,194.4136
FDH1503,5386.9878
FDW1506,1565.9616
FDH1504,2048.6666
FDW1507,2055.3246
FDH1505,1677.1502
FDW1508,5106.686
FDH1506,3034.0506
FDW1509,1757.712
FDH1507,3219.8088
FDW1510,2665.8632
FDH1508,1826.9552
FDW1511,2857.6136
FDH1509,2127.231
FDW1512,4500.808
FDH1510,739.038
FDW1513,3415.554
FDH1511,1358.232
FDW1514,3162.55
FDH1512,2402.2064
FDW1515,1618.5598
FDH1513,4291.7468
FDW1516,2025.3636
FDH1514,391.4904
FDW1517,607.2096
FDH1515,1853.5872
FDW1518,5022.7952
FDH1516,4175.8976
FDW1519,4274.436
FDH1517,4567.388
FDW1520,1514.695
FDH1518,123.8388
FDW1521,2603.278
FDH1519,2246.4092
FDW1522,966.7416
FDH1520,918.804
FDW1523,6503.5344
FDH1521,755.0172
FDW1524,2504.7396
FDH1522,3358.2952
FDW1525,2946.165
FDH1523,4211.185
FDW1526,303.6048
FDH1524,968.739
FDW1527,2833.6448
FDH1525,171.7764
FDW1528,1794.331
FDH1526,2045.3376
FDW1529,796.2968
FDH1527,2265.0516
FDW1530,3635.268
FDH1528,3935.5438
FDW1531,1183.7924
FDH1529,1977.426
FDW1532,1058.622
FDH1530,3745.125
FDW1533,5895.659
FDH1531,1691.7978
FDW1534,1418.154
FDH1532,1444.1202
FDW1535,708.4112
FDH1533,585.904
FDW1536,637.1706
FDH1534,1779.0176
FDW1537,1541.9928
FDH1535,3962.8416
FDW1538,1486.7314
FDH1536,6359.7216
FDW1539,1635.8706
FDH1537,539.298
FDW1540,1288.9888
FDH1538,4314.384
FDW1541,4339.0186
FDH1539,282.2992
FDW1542,1884.8798
FDH1540,4194.54
FDW1543,2656.542
FDH1541,3129.26
FDW1544,2988.1104
FDH1542,3511.4292
FDW1545,1198.44
FDH1543,484.7024
FDW1546,2165.1816
FDH1544,3608.636
FDW1547,5443.5808
FDH1545,1768.3648
FDW1548,421.4514
FDH1546,2808.3444
FDW1549,2184.4898
FDH1547,3448.844
FDW1550,3705.177
FDH1548,1567.959
FDW1551,2390.8878
FDH1549,1783.6782
FDW1552,3745.125
FDH1550,2812.3392
FDW1553,3795.06
FDH1551,3935.5438
FDW1554,2181.1608
FDH1552,2024.032
FDW1555,3568.688
FDH1553,2375.5744
FDW1556,1587.2672
FDH1554,1105.8938
FDW1557,788.3072
FDH1555,1274.3412
FDW1558,2290.352
FDH1556,829.5868
FDW1559,5944.2624
FDH1557,4777.115
FDW1560,1890.2062
FDH1558,4247.804
FDW1561,527.3136
FDH1559,2554.0088
FDW1562,2530.7058
FDH1560,1777.686
FDW1563,1960.781
FDH1561,3197.1716
FDW1564,1102.5648
FDH1562,721.0614
FDW1565,4530.1032
FDH1563,3515.424
FDW1566,1821.6288
FDH1564,1025.332
FDW1567,2328.3026
FDH1565,2471.4496
FDW1568,2988.1104
FDH1566,3744.4592
FDW1569,788.3072
FDH1567,2576.646
FDW1570,822.263
FDH1568,2548.6824
FDW1571,3384.2614
FDH1569,6006.1818
FDW1572,2802.3522
FDH1570,2250.404
FDW1573,1151.1682
FDH1571,1342.2528
FDW1574,1557.972
FDH1572,2787.0388
FDW1575,1017.3424
FDH1573,780.9834
FDW1576,3383.5956
FDH1574,615.1992
FDW1577,2247.7408
FDH1575,3149.234
FDW1578,2956.152
FDH1576,1534.0032
FDW1579,4431.5648
FDH1577,1516.0266
FDW1580,4965.5364
FDH1578,1701.7848
FDW1581,2384.8956
FDH1579,2014.7108
FDW1582,4655.2736
FDH1580,1488.7288
FDW1583,1829.6184
FDH1581,986.7156
FDW1584,2940.1728
FDH1582,2956.152
FDW1585,2407.5328
FDH1583,1925.4936
FDW1586,6018.1662
FDH1584,5660.6316
FDW1587,3844.995
FDH1585,255.6672
FDW1588,5390.3168
FDH1586,673.7896
FDW1589,1102.5648
FDH1587,4921.5936
FDW1590,1414.825
FDH1588,2388.8904
FDW1591,4026.7584
FDH1589,1138.518
FDW1592,822.263
FDH1590,7322.4684
FDW1593,785.644
FDH1591,3169.208
FDW1594,3942.8676
FDH1592,561.9352
FDW1595,942.7728
FDH1593,1091.912
FDW1596,1006.6896
FDH1594,709.077
FDW1597,3935.5438
FDH1595,426.112
FDW1598,4211.185
FDH1596,2619.2572
FDW1599,1438.128
FDH1597,3307.6944
FDW1600,4229.1616
FDH1598,1618.5598
FDW1601,5841.0634
FDH1599,3038.7112
FDW1602,1404.1722
FDH1600,2929.52
FDW1603,589.233
FDH1601,1165.15
FDW1604,552.614
FDH1602,4414.9198
FDW1605,1821.6288
FDH1603,540.6296
FDW1606,2218.4456
FDH1604,3119.9388
FDW1607,2250.404
FDH1605,8138.7392
FDW1608,1530.6742
FDH1606,934.7832
FDW1609,3174.5344
FDH1607,153.134
FDW1610,135.8232
FDH1608,6239.8776
FDW1611,4261.12
FDH1609,1544.656
FDW1612,1631.21
FDH1610,4364.319
FDW1613,4986.842
FDH1611,3836.3396
FDW1614,3057.3536
FDH1612,755.0172
FDW1615,251.6724
FDH1613,5695.2532
FDW1616,2404.8696
FDH1614,1126.5336
FDW1617,4705.8744
FDH1615,1001.3632
FDW1618,759.012
FDH1616,7883.072
FDW1619,1641.197
FDH1617,3705.177
FDW1620,3146.5708
FDH1618,295.6152
FDW1621,211.7244
FDH1619,7478.2656
FDW1622,2192.4794
FDH1620,2157.192
FDW1623,3231.1274
FDH1621,4013.4424
FDW1624,910.8144
FDH1622,4592.0226
FDW1625,510.0028
FDH1623,4595.3516
FDW1626,219.0482
FDH1624,218.3824
FDW1627,2624.5836
FDH1625,5351.0346
FDW1628,73.238
FDH1626,102.5332
FDW1629,10072.8882
FDH1627,451.4124
FDW1630,934.7832
FDH1628,495.3552
FDW1631,65.2484
FDH1629,1071.938
FDW1632,4537.427
FDH1630,2972.797
FDW1633,3842.9976
FDH1631,1833.6132
FDW1634,10072.8882
FDH1632,564.5984
FDW1635,1374.2112
FDH1633,6196.6006
FDW1636,3175.866
FDH1634,4278.4308
FDW1637,3004.0896
FDH1635,179.766
FDW1638,45.9402
FDH1636,3552.7088
FDW1639,2303.668
FDH1637,4026.7584
FDW1640,190.4188
FDH1638,121.1756
FDW1641,457.4046
FDH1639,3020.0688
FDW1642,41.2796
FDH1640,567.2616
FDW1643,347.5476
FDH1641,1310.2944
FDW1644,2631.2416
FDH1642,96.541
FDW1645,214.3876
FDH1643,788.973
FDW1646,5070.7328
FDH1644,809.6128
FDW1647,1547.3192
FDH1645,6338.416
FDW1648,1733.7432
FDH1646,3235.788
FDW1649,352.874
FDH1647,36.619
FDW1650,265.6542
FDH1648,3552.7088
FDW1651,5470.8786
FDH1649,4138.6128
FDW1652,111.8544
FDH1650,101.2016
FDW1653,251.6724
FDH1651,5806.4418
FDW1654,3695.19
FDH1652,1078.596
FDW1655,1304.968
FDH1653,223.7088
FDW1656,351.5424
FDH1654,75.2354
FDW1657,5522.811
FDH1655,326.242
FDW1658,2694.4926
FDH1656,4986.842
FDW1659,461.3994
FDH1657,6391.68
FDW1660,1957.452
FDH1658,310.2628
FDW1661,4354.9978
FDH1659,2964.1416
FDW1662,3179.195
FDH1660,2716.464
FDW1663,2863.6058
FDH1661,4504.137
FDW1664,6769.8544
FDH1662,1058.622
FDW1665,331.5684
FDH1663,743.0328
FDW1666,7317.142
FDH1664,359.532
FDW1667,2332.2974
FDH1665,218.3824
FDW1668,7939.665
FDH1666,5475.5392
FDW1669,1396.1826
FDH1667,7100.757
FDW1670,459.402
FDH1668,7646.0472
FDW1671,147.8076
FDH1669,889.5088
FDW1672,2804.3496
FDH1670,4354.9978
FDW1673,198.4084
FDH1671,6668.6528
FDW1674,1845.5976
FDH1672,3237.1196
FDW1675,3297.7074
FDH1673,3235.788
FDW1676,1304.968
FDH1674,4314.384
FDW1677,1821.6288
FDH1675,372.848
FDW1678,916.1408
FDH1676,3868.9638
FDW1679,2416.854
FDH1677,477.3786
FDW1680,7741.9224
FDH1678,2607.2728
FDW1681,171.1106
FDH1679,4364.319
FDW1682,6191.94
FDH1680,385.4982
FDW1683,3163.8816
FDH1681,1621.8888
FDW1684,1148.505
FDH1682,143.147
FDW1685,4595.3516
FDH1683,659.142
FDW1686,1687.1372
FDH1684,5033.448
FDW1687,4250.4672
FDH1685,1997.4
FDW1688,7170.666
FDH1686,3179.195
FDW1689,3705.177
FDH1687,7488.9184
FDW1690,4189.2136
FDH1688,1296.3126
FDW1691,1721.093
FDH1689,3946.8624
FDW1692,2332.2974
FDH1690,4228.4958
FDW1693,202.4032
FDH1691,5303.097
FDW1694,7073.4592
FDH1692,986.7156
FDW1695,3499.4448
FDH1693,6024.1584
FDW1696,4986.842
FDH1694,3174.5344
FDW1697,4629.9732
FDH1695,369.519
FDW1698,6170.6344
FDH1696,4629.9732
FDW1699,3918.8988
FDH1697,5852.382
FDW1700,3837.0054
FDH1698,2756.412
FDW1701,5033.448
FDH1699,755.0172
FDW1702,1957.452
FDH1700,3292.381
FDW1703,425.4462
FDH1701,5033.448
FDW1704,135.8232
FDH1702,256.9988
FDW1705,1298.31
FDH1703,5704.5744
FDW1706,958.752
FDH1704,3515.424
FDW1707,3002.758
FDH1705,3408.896
FDW1708,2844.2976
FDH1706,4363.6532
FDW1709,6064.1064
FDH1707,2783.044
FDW1710,1885.5456
FDH1708,326.242
FDW1711,487.3656
FDH1709,2586.633
FDW1712,1004.0264
FDH1710,934.7832
FDW1713,2797.6916
FDH1711,8239.9408
FDW1714,143.147
FDH1712,847.5634
FDW1715,1917.504
FDH1713,311.5944
FDW1716,2007.387
FDH1714,293.6178
FDW1717,3842.9976
FDH1715,85.8882
FDW1718,238.3564
FDH1716,2036.6822
FDW1719,339.558
FDH1717,888.843
FDW1720,4364.319
FDH1718,176.437
FDW1721,2145.2076
FDH1719,2488.7604
FDW1722,4364.319
FDH1720,796.9626
FDW1723,37.9506
FDH1721,5093.37
FDW1724,1304.968
FDH1722,3057.3536
FDW1725,4363.6532
FDH1723,564.5984
FDW1726,374.1796
FDH1724,2332.2974
FDW1727,347.5476
FDH1725,6024.1584
FDW1728,1034.6532
FDH1726,234.3616
FDW1729,1747.725
FDH1727,370.1848
FDW1730,5522.811
FDH1728,97.2068
FDW1731,5772.486
FDH1729,250.3408
FDW1732,7350.432
FDH1730,5093.37
FDW1733,1687.1372
FDH1731,1747.725
FDW1734,160.4578
FDH1732,2127.231
FDW1735,213.056
FDH1733,6474.2392
FDW1736,150.4708
FDH1734,293.6178
FDW1737,419.454
FDH1735,6170.6344
FDW1738,5283.123
FDH1736,5289.1152
FDW1739,7393.0432
FDH1737,5582.733
FDW1740,2319.6472
FDH1738,185.0924
FDW1741,7350.432
FDH1739,123.8388
FDW1742,103.199
FDH1740,2090.612
FDW1743,369.519
FDH1741,788.973
FDW1744,2597.2858
FDH1742,2109.2544
FDW1745,1078.596
FDH1743,487.3656
FDW1746,4354.9978
FDH1744,5313.084
FDW1747,215.7192
FDH1745,1918.8356
FDW1748,150.4708
FDH1746,1120.5414
FDW1749,1448.7808
FDH1747,986.7156
FDW1750,264.9884
FDH1748,185.0924
FDW1751,1884.8798
FDH1749,10236.675
FDW1752,1565.9616
FDH1750,4850.353
FDW1753,73.238
FDH1751,1030.6584
FDW1754,5000.8238
FDH1752,3825.6868
FDW1755,1543.3244
FDH1753,2167.8448
FDW1756,119.1782
FDH1754,988.0472
FDW1757,1948.1308
FDH1755,4314.384
FDW1758,3735.8038
FDH1756,986.7156
FDW1759,3078.6592
FDH1757,175.1054
FDW1760,641.8312
FDH1758,4124.631
FDW1761,467.3916
FDH1759,2836.308
FDW1762,451.4124
FDH1760,135.8232
FDW1763,312.926
FDH1761,1120.5414
FDW1764,7350.432
FDH1762,753.6856
FDW1765,1482.0708
FDH1763,4963.539
FDW1766,5063.409
FDH1764,412.796
FDW1767,7393.0432
FDH1765,986.7156
FDW1768,2387.5588
FDH1766,217.7166
FDW1769,2332.2974
FDH1767,49.935
FDW1770,7968.2944
FDH1768,3868.9638
FDW1771,190.4188
FDH1769,113.186
FDW1772,2607.2728
FDH1770,573.2538
FDW1773,4504.137
FDH1771,299.61
FDW1774,4278.4308
FDH1772,6157.3184
FDW1775,2910.2118
FDH1773,5033.448
FDW1776,659.142
FDH1774,1004.0264
FDW1777,2010.716
FDH1775,5033.448
FDW1778,643.1628
FDH1776,412.796
FDW1779,5063.409
FDH1777,5093.37
FDW1780,2526.0452
FDH1778,419.454
FDW1781,5866.3638
FDH1779,2862.94
FDW1782,774.9912
FDH1780,171.1106
FDW1783,4504.137
FDH1781,7192.6374
FDW1784,1216.4166
FDH1782,3552.7088
FDW1785,2127.231
FDH1783,452.744
FDW1786,8474.3024
FDH1784,665.8
FDW1787,5469.547
FDH1785,4832.3764
FDW1788,6454.931
FDH1786,7510.224
FDW1789,7488.9184
FDH1787,592.562
FDW1790,4504.137
FDH1788,3946.8624
FDW1791,4952.8862
FDH1789,2964.1416
FDW1792,892.172
FDH1790,2696.49
FDW1793,5070.7328
FDH1791,892.172
FDW1794,2007.387
FDH1792,37.9506
FDW1795,6759.2016
FDH1793,135.8232
FDW1796,264.9884
FDH1794,7100.757
FDW1797,9133.4444
FDH1795,3231.1274
FDW1798,4261.12
FDH1796,5772.486
FDW1799,4592.0226
FDH1797,2332.2974
FDW1800,4633.968
FDH1798,1597.92
FDW1801,265.6542
FDH1799,5518.1504
FDW1802,392.822
FDH1800,291.6204
FDW1803,316.9208
FDH1801,50.6008
FDW1804,5289.1152
FDH1802,5852.382
FDW1805,1004.0264
FDH1803,2954.1546
FDW1806,143.147
FDH1804,4555.4036
FDW1807,1402.1748
FDH1805,3672.5528
FDW1808,3020.0688
FDH1806,1293.6494
FDW1809,4138.6128
FDH1807,1747.725
FDW1810,3515.424
FDH1808,352.874
FDW1811,1687.803
FDH1809,486.034
FDW1812,3448.844
FDH1810,176.437
FDW1813,906.8196
FDH1811,1677.816
FDW1814,387.4956
FDH1812,6391.68
FDW1815,223.7088
FDH1813,4026.7584
FDW1816,5852.382
FDH1814,564.5984
FDW1817,1687.803
FDH1815,543.2928
FDW1818,1917.504
FDH1816,2510.066
FDW1819,6072.096
FDH1817,2888.2404
FDW1820,3866.9664
FDH1818,3057.3536
FDW1821,2332.2974
FDH1819,2090.612
FDW1822,487.3656
FDH1820,809.6128
FDW1823,293.6178
FDH1821,591.2304
FDW1824,3552.7088
FDH1822,2036.6822
FDW1825,2363.59
FDH1823,7425.0016
FDW1826,361.5294
FDH1824,111.8544
FDW1827,1001.3632
FDH1825,2332.2974
FDW1828,8868.456
FDH1826,910.8144
FDW1829,788.973
FDH1827,3675.216
FDW1830,7317.142
FDH1828,3499.4448
FDW1831,4314.384
FDH1829,247.6776
FDW1832,4986.842
FDH1830,331.5684
FDW1833,8217.3036
FDH1831,4012.1108
FDW1834,3292.381
FDH1832,316.9208
FDW1835,135.8232
FDH1833,2910.2118
FDW1836,379.506
FDH1834,447.4176
FDW1837,3523.4136
FDH1835,412.796
FDW1838,5772.486
FDH1836,5478.2024
FDW1839,3083.9856
FDH1837,3174.5344
FDW1840,4815.0656
FDH1838,842.237
FDW1841,1290.3204
FDH1839,466.06
FDW1842,2387.5588
FDH1840,352.874
FDW1843,4026.7584
FDH1841,3918.8988
FDW1844,316.255
FDH1842,3174.5344
FDW1845,1721.093
FDH1843,37.9506
FDW1846,643.1628
FDH1844,4065.3748
FDW1847,3889.6036
FDH1845,5289.1152
FDW1848,7100.757
FDH1846,5522.811
FDW1849,33.9558
FDH1847,399.48
FDW1850,202.4032
FDH1848,445.4202
FDW1851,223.7088
FDH1849,4277.765
FDW1852,102.5332
FDH1850,104.5306
FDW1853,2293.0152
FDH1851,387.4956
FDW1854,4538.0928
FDH1852,402.1432
FDW1855,1597.92
FDH1853,113.186
FDW1856,3578.675
FDH1854,3231.1274
FDW1857,1041.3112
FDH1855,1547.3192
FDW1858,1721.093
FDH1856,1547.985
FDW1859,223.7088
FDH1857,6239.8776
FDW1860,171.7764
FDH1858,495.3552
FDW1861,1597.92
FDH1859,5582.733
FDW1862,2488.7604
FDH1860,4363.6532
FDW1863,992.042
FDH1861,213.056
FDW1864,2679.845
FDH1862,5887.6694
FDW1865,3723.1536
FDH1863,2588.6304
FDW1866,5772.486
FDH1864,7033.5112
FDW1867,7478.2656
FDH1865,916.1408
FDW1868,2807.0128
FDH1866,3515.424
FDW1869,4828.3816
FDH1867,7100.757
FDW1870,36.619
FDH1868,102.5332
FDW1871,146.476
FDH1869,1592.5936
FDW1872,466.06
FDH1870,8868.456
FDW1873,5695.2532
FDH1871,1041.3112
FDW1874,7968.2944
FDH1872,759.012
FDW1875,41.2796
FDH1873,249.0092
FDW1876,5070.7328
FDH1874,713.0718
FDW1877,214.3876
FDH1875,3675.216
FDW1878,2332.2974
FDH1876,461.3994
FDW1879,351.5424
FDH1877,3494.1184
FDW1880,1324.942
FDH1878,1621.8888
FDW1881,2954.1546
FDH1879,65.2484
FDW1882,3364.9532
FDH1880,3842.9976
FDW1883,3494.1184
FDH1881,3297.7074
FDW1884,5887.6694
FDH1882,351.5424
FDW1885,5289.1152
FDH1883,483.3708
FDW1886,4705.8744
FDH1884,85.8882
FDW1887,4705.8744
FDH1885,2187.153
FDW1888,1597.92
FDH1886,833.5816
FDW1889,1402.1748
FDH1887,3842.9976
FDW1890,3292.381
FDH1888,37.9506
FDW1891,8138.7392
FDH1889,1808.9786
FDW1892,549.285
FDH1890,2090.612
FDW1893,2862.94
FDH1891,351.5424
FDW1894,369.519
FDH1892,213.056
FDW1895,351.5424
FDH1893,113.186
FDW1896,1747.725
FDH1894,4363.6532
FDW1897,452.744
FDH1895,1310.2944
FDW1898,1021.3372
FDH1896,295.6152
FDW1899,906.8196
FDH1897,1001.3632
FDW1900,5070.7328
FDH1898,2586.633
FDW1901,1975.4286
FDH1899,202.4032
FDW1902,410.1328
FDH1900,314.2576
FDW1903,7478.2656
FDH1901,986.7156
FDW1904,6454.931
FDH1902,127.1678
FDW1905,975.397
FDH1903,2624.5836
FDW1906,4579.3724
FDH1904,592.562
FDW1907,1747.725
FDH1905,6242.5408
FDW1908,1885.5456
FDH1906,13086.9648
FDW1909,2985.4472
FDH1907,2129.2284
FDW1910,9133.4444
FDH1908,49.935
FDW1911,4508.1318
FDH1909,2109.2544
FDW1912,683.1108
FDH1910,351.5424
FDW1913,5522.811
FDH1911,374.1796
FDW1914,4314.384
FDH1912,2588.6304
FDW1915,5093.37
FDH1913,37.9506
FDW1916,5866.3638
FDH1914,3339.6528
FDW1917,5695.2532
FDH1915,1864.24
FDW1918,4376.9692
FDH1916,1396.1826
FDW1919,198.4084
FDH1917,3231.1274
FDW1920,7100.757
FDH1918,3012.745
FDW1921,5852.382
FDH1919,293.6178
FDW1922,262.991
FDH1920,1514.695
FDW1923,753.6856
FDH1921,2597.2858
FDW1924,37.9506
FDH1922,143.147
FDW1925,1480.0734
FDH1923,5313.084
FDW1926,2167.8448
FDH1924,2036.6822
FDW1927,1885.5456
FDH1925,780.3176
FDW1928,992.042
FDH1926,402.1432
FDW1929,1034.6532
FDH1927,4629.9732
FDW1930,2303.668
FDH1928,372.848
FDW1931,643.1628
FDH1929,379.506
FDW1932,2348.9424
FDH1930,2109.2544
FDW1933,2306.997
FDH1931,1975.4286
FDW1934,2947.4966
FDH1932,5033.448
FDW1935,197.0768
FDH1933,387.4956
FDW1936,4850.353
FDH1934,2007.387
FDW1937,4828.3816
FDH1935,1001.3632
FDW1938,175.1054
FDH1936,5500.8396
FDW1939,4138.6128
FDH1937,3271.7412
FDW1940,3791.0652
FDH1938,262.991
FDW1941,5866.3638
FDH1939,2910.2118
FDW1942,510.0028
FDH1940,1976.0944
FDW1943,2259.0594
FDH1941,4916.933
FDW1944,3237.1196
FDH1942,6024.1584
FDW1945,1010.6844
FDH1943,892.172
FDW1946,2768.3964
FDH1944,487.3656
FDW1947,7317.142
FDH1945,451.4124
FDW1948,185.7582
FDH1946,8262.578
FDW1949,5404.9644
FDH1947,6261.849
FDW1950,8239.9408
FDH1948,211.7244
FDW1951,3174.5344
FDH1949,1677.816
FDW1952,6021.4952
FDH1950,2588.6304
FDW1953,3174.5344
FDH1951,264.9884
FDW1954,6668.6528
FDH1952,564.5984
FDW1955,347.5476
FDH1953,319.584
FDW1956,1813.6392
FDH1954,8789.8916
FDW1957,5404.9644
FDH1955,190.4188
FDW1958,4976.855
FDH1956,2348.9424
FDW1959,319.584
FDH1957,5303.097
FDW1960,9251.9568
FDH1958,299.61
FDW1961,175.1054
FDH1959,13086.9648
FDW1962,1396.1826
FDH1960,761.0094
FDW1963,1821.6288
FDH1961,2253.0672
FDW1964,8028.8822
FDH1962,473.3838
FDW1965,3150.5656
FDH1963,119.1782
FDW1966,1592.5936
FDH1964,365.5242
FDW1967,604.5464
FDH1965,3083.9856
FDW1968,495.3552
FDH1966,1396.1826
FDW1969,102.5332
FDH1967,477.3786
FDW1970,643.1628
FDH1968,2101.2648
FDW1971,8138.7392
FDH1969,229.701
FDW1972,487.3656
FDH1970,8958.339
FDW1973,1001.3632
FDH1971,3420.8804
FDW1974,3439.5228
FDH1972,202.4032
FDW1975,759.012
FDH1973,223.7088
FDW1976,365.5242
FDH1974,2804.3496
FDW1977,759.012
FDH1975,253.6698
FDW1978,120.5098
FDH1976,753.6856
FDW1979,480.7076
FDH1977,4965.5364
FDW1980,4976.855
FDH1978,3036.048
FDW1981,5031.4506
FDH1979,1821.6288
FDW1982,1747.725
FDH1980,4739.8302
FDW1983,3068.0064
FDH1981,37.9506
FDW1984,97.2068
FDH1982,2106.5912
FDW1985,2471.4496
FDH1983,113.8518
FDW1986,187.7556
FDH1984,564.5984
FDW1987,7247.233
FDH1985,888.843
FDW1988,2862.94
FDH1986,4923.591
FDW1989,6759.2016
FDH1987,565.2642
FDW1990,4555.4036
FDH1988,165.7842
FDW1991,487.3656
FDH1989,1747.725
FDW1992,5609.365
FDH1990,143.147
FDW1993,5031.4506
FDH1991,2586.633
FDW1994,3705.177
FDH1992,467.3916
FDW1995,89.883
FDH1993,4554.072
FDW1996,4504.137
FDH1994,5070.7328
FDW1997,1006.6896
FDH1995,5772.486
FDW1998,2836.308
FDH1996,7943.6598
FDW1999,4376.9692
FDH1997,1833.6132
FDW2000,122.5072
FDH1998,115.8492
FDW2001,4376.9692
FDH1999,474.0496
FDW2002,1747.725
FDH2000,1597.92
FDW2003,617.8624
FDH2001,109.857
FDW2004,1597.92
FDH2002,1833.6132
FDW2005,419.454
FDH2003,3552.7088
FDW2006,486.034
FDH2004,7478.2656
FDW2007,74.5696
FDH2005,3415.554
FDW2008,1498.05
FDH2006,61.9194
FDW2009,1148.505
FDH2007,2150.534
FDW2010,4161.25
FDH2008,2431.5016
FDW2011,7136.7102
FDH2009,202.4032
FDW2012,190.4188
FDH2010,2596.62
FDW2013,2045.3376
FDH2011,412.796
FDW2014,1747.725
FDH2012,89.883
FDW2015,755.0172
FDH2013,3578.675
FDW2016,392.822
FDH2014,4595.3516
FDW2017,7478.2656
FDH2015,3297.7074
FDW2018,143.147
FDH2016,4111.315
FDW2019,97.2068
FDH2017,5772.486
FDW2020,564.5984
FDH2018,218.3824
FDW2021,249.0092
FDH2019,5522.811
FDW2022,958.752
FDH2020,115.8492
FDW2023,6528.169
FDH2021,3523.4136
FDW2024,1992.7394
FDH2022,622.523
FDW2025,143.147
FDH2023,2910.2118
FDW2026,2597.2858
FDH2024,3271.7412
FDW2027,211.7244
FDH2025,1096.5726
FDW2028,34.6216
FDH2026,1120.5414
FDW2029,592.562
FDH2027,6872.3876
FDW2030,1864.24
FDH2028,119.1782
FDW2031,238.3564
FDH2029,862.211
FDW2032,5351.0346
FDH2030,3297.7074
FDW2033,331.5684
FDH2031,291.6204
FDW2034,4538.0928
FDH2032,1148.505
FDW2035,665.8
FDH2033,451.4124
FDW2036,177.1028
FDH2034,543.2928
FDW2037,422.1172
FDH2035,2548.0166
FDW2038,1402.1748
FDH2036,2269.0464
FDW2039,2510.066
FDH2037,4595.3516
FDW2040,3207.8244
FDH2038,234.3616
FDW2041,2476.776
FDH2039,326.242
FDW2042,202.4032
FDH2040,143.147
FDW2043,1120.5414
FDH2041,352.874
FDW2044,209.0612
FDH2042,3511.4292
FDW2045,888.843
FDH2043,4850.353
FDW2046,7170.666
FDH2044,1120.5414
FDW2047,129.831
FDH2045,189.0872
FDW2048,422.1172
FDH2046,238.3564
FDW2049,5033.448
FDH2047,2488.7604
FDW2050,97.2068
FDH2048,196.411
FDW2051,4350.3372
FDH2049,4952.8862
FDW2052,262.991
FDH2050,4633.968
FDW2053,5892.33
FDH2051,973.3996
FDW2054,5582.733
FDH2052,4566.7222
FDW2055,193.7478
FDH2053,4629.9732
FDW2056,451.4124
FDH2054,5522.811
FDW2057,567.2616
FDH2055,369.519
FDW2058,759.012
FDH2056,143.147
FDW2059,5772.486
FDH2057,9133.4444
FDW2060,9133.4444
FDH2058,3868.9638
FDW2061,3205.1612
FDH2059,161.7894
FDW2062,3635.268
FDH2060,7247.233
FDW2063,461.3994
FDH2061,3057.3536
FDW2064,2631.2416
FDH2062,2431.5016
FDW2065,1078.596
FDH2063,4447.544
FDW2066,10993.6896
FDH2064,1034.6532
FDW2067,755.0172
FDH2065,4314.384
FDW2068,34.6216
FDH2066,3448.844
FDW2069,254.3356
FDH2067,7478.2656
FDW2070,65.2484
FDH2068,2863.6058
FDW2071,314.2576
FDH2069,178.4344
FDW2072,185.7582
FDH2070,1410.8302
FDW2073,1148.505
FDH2071,2251.7356
FDW2074,5221.8694
FDH2072,2910.2118
FDW2075,3395.58
FDH2073,379.506
FDW2076,2836.308
FDH2074,2972.1312
FDW2077,1547.985
FDH2075,410.1328
FDW2078,4952.8862
FDH2076,975.397
FDW2079,160.4578
FDH2077,4504.137
FDW2080,5404.9644
FDH2078,3448.844
FDW2081,3174.5344
FDH2079,1733.7432
FDW2082,1001.3632
FDH2080,4442.2176
FDW2083,6021.4952
FDH2081,4555.4036
FDW2084,4815.0656
FDH2082,864.2084
FDW2085,6338.416
